{
  "type": "FeatureCollection",
  "name": "surabaya-fasilitas-kesehatan",
  "generated_at": "2026-09-28T16:01:29.508Z",
  "features": [
    {
      "type": "Feature",
      "id": "node/1341296744",
      "properties": {
        "id": "node/1341296744",
        "name": "APOTIK RUMINI",
        "kind": "pharmacy",
        "address": null,
        "phone": null,
        "operator": null,
        "beds": null,
        "source": "osm",
        "osm_id": "node/1341296744",
        "region_id": "kelurahan-menurpumpungan",
        "region_name": "Menur Pumpungan"
      },
      "geometry": {
        "type": "Point",
        "coordinates": [
          112.7700657,
          -7.2999506
        ]
      }
    },
    {
      "type": "Feature",
      "id": "node/1362811045",
      "properties": {
        "id": "node/1362811045",
        "name": "Apotik Jireh",
        "kind": "pharmacy",
        "address": null,
        "phone": null,
        "operator": null,
        "beds": null,
        "source": "osm",
        "osm_id": "node/1362811045",
        "region_id": "kelurahan-wonorejo",
        "region_name": "Wonorejo"
      },
      "geometry": {
        "type": "Point",
        "coordinates": [
          112.7912659,
          -7.3160351
        ]
      }
    },
    {
      "type": "Feature",
      "id": "node/2302746873",
      "properties": {
        "id": "node/2302746873",
        "name": "Kimia Farma",
        "kind": "pharmacy",
        "address": "Raya Tenggilis",
        "phone": null,
        "operator": null,
        "beds": null,
        "source": "osm",
        "osm_id": "node/2302746873",
        "region_id": "kelurahan-kendangsari",
        "region_name": "Kendangsari"
      },
      "geometry": {
        "type": "Point",
        "coordinates": [
          112.7494752,
          -7.3208538
        ]
      }
    },
    {
      "type": "Feature",
      "id": "node/2302746876",
      "properties": {
        "id": "node/2302746876",
        "name": "Apotik SABA",
        "kind": "pharmacy",
        "address": "Raya Tenggilis",
        "phone": null,
        "operator": null,
        "beds": null,
        "source": "osm",
        "osm_id": "node/2302746876",
        "region_id": "kelurahan-kendangsari",
        "region_name": "Kendangsari"
      },
      "geometry": {
        "type": "Point",
        "coordinates": [
          112.7535063,
          -7.320133
        ]
      }
    },
    {
      "type": "Feature",
      "id": "node/2302746881",
      "properties": {
        "id": "node/2302746881",
        "name": "Apotik Sentra Medika",
        "kind": "pharmacy",
        "address": "Raya Tenggilis",
        "phone": null,
        "operator": null,
        "beds": null,
        "source": "osm",
        "osm_id": "node/2302746881",
        "region_id": "kelurahan-tenggilismejoyo",
        "region_name": "Tenggilis Mejoyo"
      },
      "geometry": {
        "type": "Point",
        "coordinates": [
          112.7552764,
          -7.3200785
        ]
      }
    },
    {
      "type": "Feature",
      "id": "node/3268565055",
      "properties": {
        "id": "node/3268565055",
        "name": "Puskesmas Gedangan",
        "kind": "hospital",
        "address": null,
        "phone": null,
        "operator": null,
        "beds": null,
        "source": "osm",
        "osm_id": "node/3268565055",
        "region_id": null,
        "region_name": null
      },
      "geometry": {
        "type": "Point",
        "coordinates": [
          112.7282712,
          -7.3870658
        ]
      }
    },
    {
      "type": "Feature",
      "id": "node/4188891222",
      "properties": {
        "id": "node/4188891222",
        "name": "Apotek K24 Pandugo",
        "kind": "pharmacy",
        "address": "Jl. Pandugo No.109",
        "phone": null,
        "operator": null,
        "beds": null,
        "source": "osm",
        "osm_id": "node/4188891222",
        "region_id": "kelurahan-penjaringansari",
        "region_name": "Penjaringan Sari"
      },
      "geometry": {
        "type": "Point",
        "coordinates": [
          112.7901903,
          -7.3206545
        ]
      }
    },
    {
      "type": "Feature",
      "id": "node/4188904941",
      "properties": {
        "id": "node/4188904941",
        "name": "Apotek Klampis Farma",
        "kind": "pharmacy",
        "address": "Jl. Klampis Jaya Ruko Klampis Square A No.30",
        "phone": null,
        "operator": null,
        "beds": null,
        "source": "osm",
        "osm_id": "node/4188904941",
        "region_id": "kelurahan-klampisngasem",
        "region_name": "Klampis Ngasem"
      },
      "geometry": {
        "type": "Point",
        "coordinates": [
          112.7758197,
          -7.287316
        ]
      }
    },
    {
      "type": "Feature",
      "id": "node/4188912498",
      "properties": {
        "id": "node/4188912498",
        "name": "Apotek Viva Generik Donowati",
        "kind": "pharmacy",
        "address": "JL. Raya Donowati 6, No. 27",
        "phone": null,
        "operator": null,
        "beds": null,
        "source": "osm",
        "osm_id": "node/4188912498",
        "region_id": "kelurahan-sukomanunggal",
        "region_name": "Sukomanunggal"
      },
      "geometry": {
        "type": "Point",
        "coordinates": [
          112.6972437,
          -7.2677062
        ]
      }
    },
    {
      "type": "Feature",
      "id": "node/4188912805",
      "properties": {
        "id": "node/4188912805",
        "name": "Apotik Senang",
        "kind": "pharmacy",
        "address": "Jl. Pecindilan No.8",
        "phone": null,
        "operator": null,
        "beds": null,
        "source": "osm",
        "osm_id": "node/4188912805",
        "region_id": "kelurahan-kapasari",
        "region_name": "Kapasari"
      },
      "geometry": {
        "type": "Point",
        "coordinates": [
          112.7471866,
          -7.2480625
        ]
      }
    },
    {
      "type": "Feature",
      "id": "node/4189205726",
      "properties": {
        "id": "node/4189205726",
        "name": "KLINIK DR. TITUT HARNANIK",
        "kind": "hospital",
        "address": "JL. Balai Desa",
        "phone": null,
        "operator": null,
        "beds": null,
        "source": "osm",
        "osm_id": "node/4189205726",
        "region_id": null,
        "region_name": null
      },
      "geometry": {
        "type": "Point",
        "coordinates": [
          112.7178459,
          -7.3877756
        ]
      }
    },
    {
      "type": "Feature",
      "id": "node/4189210755",
      "properties": {
        "id": "node/4189210755",
        "name": "Klinik Kencana Medika",
        "kind": "clinic",
        "address": "Jl. Raya Kendangsari 78",
        "phone": null,
        "operator": null,
        "beds": null,
        "source": "osm",
        "osm_id": "node/4189210755",
        "region_id": "kelurahan-jemurwonosari",
        "region_name": "Jemur Wonosari"
      },
      "geometry": {
        "type": "Point",
        "coordinates": [
          112.7462036,
          -7.3221665
        ]
      }
    },
    {
      "type": "Feature",
      "id": "node/4189218265",
      "properties": {
        "id": "node/4189218265",
        "name": "Kliknik Spesial Meridian",
        "kind": "clinic",
        "address": "Manyar Tirtomoyo 3 59",
        "phone": null,
        "operator": null,
        "beds": null,
        "source": "osm",
        "osm_id": "node/4189218265",
        "region_id": "kelurahan-manyarsabrangan",
        "region_name": "Manyar Sabrangan"
      },
      "geometry": {
        "type": "Point",
        "coordinates": [
          112.7717059,
          -7.2880725
        ]
      }
    },
    {
      "type": "Feature",
      "id": "node/4191121402",
      "properties": {
        "id": "node/4191121402",
        "name": "Scoliosis Correction Clinic",
        "kind": "clinic",
        "address": "Jl. Ngagel Jaya Tengah No.22",
        "phone": null,
        "operator": null,
        "beds": null,
        "source": "osm",
        "osm_id": "node/4191121402",
        "region_id": "kelurahan-pucangsewu",
        "region_name": "Pucang Sewu"
      },
      "geometry": {
        "type": "Point",
        "coordinates": [
          112.7539453,
          -7.2915096
        ]
      }
    },
    {
      "type": "Feature",
      "id": "node/4191464390",
      "properties": {
        "id": "node/4191464390",
        "name": "Medika Utama",
        "kind": "clinic",
        "address": "Jl. Ciliwung 50",
        "phone": null,
        "operator": null,
        "beds": null,
        "source": "osm",
        "osm_id": "node/4191464390",
        "region_id": "kelurahan-darmo",
        "region_name": "Darmo"
      },
      "geometry": {
        "type": "Point",
        "coordinates": [
          112.735286,
          -7.2934043
        ]
      }
    },
    {
      "type": "Feature",
      "id": "node/4191508335",
      "properties": {
        "id": "node/4191508335",
        "name": "Miracle Aesthetic Clinic Thamrin",
        "kind": "clinic",
        "address": "Jl. M H. Tamrin 40",
        "phone": null,
        "operator": null,
        "beds": null,
        "source": "osm",
        "osm_id": "node/4191508335",
        "region_id": "kelurahan-drsutomo",
        "region_name": "Dr. Sutomo"
      },
      "geometry": {
        "type": "Point",
        "coordinates": [
          112.7369126,
          -7.2818895
        ]
      }
    },
    {
      "type": "Feature",
      "id": "node/4191509711",
      "properties": {
        "id": "node/4191509711",
        "name": "Miracle Aesthetic Clinic Kertajaya Indah",
        "kind": "clinic",
        "address": "Jl. Raya Kertajaya Indah Blok O 123",
        "phone": null,
        "operator": null,
        "beds": null,
        "source": "osm",
        "osm_id": "node/4191509711",
        "region_id": "kelurahan-manyarsabrangan",
        "region_name": "Manyar Sabrangan"
      },
      "geometry": {
        "type": "Point",
        "coordinates": [
          112.7817642,
          -7.2801062
        ]
      }
    },
    {
      "type": "Feature",
      "id": "node/4192842880",
      "properties": {
        "id": "node/4192842880",
        "name": "Dr. Silvester Hariwidodo D.Spa",
        "kind": "doctor",
        "address": "Jl. Ketupa No.29",
        "phone": null,
        "operator": null,
        "beds": null,
        "source": "osm",
        "osm_id": "node/4192842880",
        "region_id": "kelurahan-ketabang",
        "region_name": "Ketabang"
      },
      "geometry": {
        "type": "Point",
        "coordinates": [
          112.7488414,
          -7.2533533
        ]
      }
    },
    {
      "type": "Feature",
      "id": "node/4326861097",
      "properties": {
        "id": "node/4326861097",
        "name": "ApotekBoy_Dr.Franky",
        "kind": "pharmacy",
        "address": "Jl.Raya Menur No.4 4",
        "phone": "+62 31-5039881",
        "operator": null,
        "beds": null,
        "source": "osm",
        "osm_id": "node/4326861097",
        "region_id": "kelurahan-airlangga",
        "region_name": "Airlangga"
      },
      "geometry": {
        "type": "Point",
        "coordinates": [
          112.7623083,
          -7.2753159
        ]
      }
    },
    {
      "type": "Feature",
      "id": "node/4361192032",
      "properties": {
        "id": "node/4361192032",
        "name": "Tiara",
        "kind": "pharmacy",
        "address": null,
        "phone": "+62-31-57431789",
        "operator": null,
        "beds": null,
        "source": "osm",
        "osm_id": "node/4361192032",
        "region_id": "kelurahan-lontar",
        "region_name": "Lontar"
      },
      "geometry": {
        "type": "Point",
        "coordinates": [
          112.6566855,
          -7.2850815
        ]
      }
    },
    {
      "type": "Feature",
      "id": "node/4472384093",
      "properties": {
        "id": "node/4472384093",
        "name": "Posyandu Genteng",
        "kind": "clinic",
        "address": null,
        "phone": null,
        "operator": null,
        "beds": null,
        "source": "osm",
        "osm_id": "node/4472384093",
        "region_id": "kelurahan-genteng",
        "region_name": "Genteng"
      },
      "geometry": {
        "type": "Point",
        "coordinates": [
          112.7409288,
          -7.2573574
        ]
      }
    },
    {
      "type": "Feature",
      "id": "node/4474589264",
      "properties": {
        "id": "node/4474589264",
        "name": "Poliklinik Noor Mushola",
        "kind": "clinic",
        "address": null,
        "phone": null,
        "operator": null,
        "beds": null,
        "source": "osm",
        "osm_id": "node/4474589264",
        "region_id": "kelurahan-ploso",
        "region_name": "Ploso"
      },
      "geometry": {
        "type": "Point",
        "coordinates": [
          112.760249,
          -7.2501395
        ]
      }
    },
    {
      "type": "Feature",
      "id": "node/4474589265",
      "properties": {
        "id": "node/4474589265",
        "name": "Posyandu Ceria",
        "kind": "clinic",
        "address": null,
        "phone": null,
        "operator": null,
        "beds": null,
        "source": "osm",
        "osm_id": "node/4474589265",
        "region_id": "kelurahan-ploso",
        "region_name": "Ploso"
      },
      "geometry": {
        "type": "Point",
        "coordinates": [
          112.7736956,
          -7.252788
        ]
      }
    },
    {
      "type": "Feature",
      "id": "node/4474589266",
      "properties": {
        "id": "node/4474589266",
        "name": "Rumah Bersalin Noor Mushola",
        "kind": "clinic",
        "address": null,
        "phone": null,
        "operator": null,
        "beds": null,
        "source": "osm",
        "osm_id": "node/4474589266",
        "region_id": "kelurahan-ploso",
        "region_name": "Ploso"
      },
      "geometry": {
        "type": "Point",
        "coordinates": [
          112.7604488,
          -7.2501528
        ]
      }
    },
    {
      "type": "Feature",
      "id": "node/4481028812",
      "properties": {
        "id": "node/4481028812",
        "name": "Posyandu Tresnojoyo",
        "kind": "clinic",
        "address": null,
        "phone": null,
        "operator": null,
        "beds": null,
        "source": "osm",
        "osm_id": "node/4481028812",
        "region_id": "kelurahan-tanahkalikedinding",
        "region_name": "Tanah Kali Kedinding"
      },
      "geometry": {
        "type": "Point",
        "coordinates": [
          112.7823898,
          -7.223835
        ]
      }
    },
    {
      "type": "Feature",
      "id": "node/4488324018",
      "properties": {
        "id": "node/4488324018",
        "name": "Posyandu Kemuning",
        "kind": "clinic",
        "address": null,
        "phone": null,
        "operator": null,
        "beds": null,
        "source": "osm",
        "osm_id": "node/4488324018",
        "region_id": "kelurahan-ampel",
        "region_name": "Ampel"
      },
      "geometry": {
        "type": "Point",
        "coordinates": [
          112.744542,
          -7.2285213
        ]
      }
    },
    {
      "type": "Feature",
      "id": "node/4489755662",
      "properties": {
        "id": "node/4489755662",
        "name": "Posyandu",
        "kind": "clinic",
        "address": null,
        "phone": null,
        "operator": null,
        "beds": null,
        "source": "osm",
        "osm_id": "node/4489755662",
        "region_id": "kelurahan-sidotopowetan",
        "region_name": "Sidotopo Wetan"
      },
      "geometry": {
        "type": "Point",
        "coordinates": [
          112.7620354,
          -7.2183042
        ]
      }
    },
    {
      "type": "Feature",
      "id": "node/4491967593",
      "properties": {
        "id": "node/4491967593",
        "name": "Posyandu",
        "kind": "clinic",
        "address": null,
        "phone": null,
        "operator": "Posyandu",
        "beds": null,
        "source": "osm",
        "osm_id": "node/4491967593",
        "region_id": "kelurahan-lakarsantri",
        "region_name": "Lakarsantri"
      },
      "geometry": {
        "type": "Point",
        "coordinates": [
          112.6356738,
          -7.3033696
        ]
      }
    },
    {
      "type": "Feature",
      "id": "node/4491967594",
      "properties": {
        "id": "node/4491967594",
        "name": "Posyandu",
        "kind": "clinic",
        "address": null,
        "phone": null,
        "operator": "Posyandu",
        "beds": null,
        "source": "osm",
        "osm_id": "node/4491967594",
        "region_id": "kelurahan-lakarsantri",
        "region_name": "Lakarsantri"
      },
      "geometry": {
        "type": "Point",
        "coordinates": [
          112.6324626,
          -7.301037
        ]
      }
    },
    {
      "type": "Feature",
      "id": "node/4491967595",
      "properties": {
        "id": "node/4491967595",
        "name": "Posyandu RW 03 Kel. Lakarsantri",
        "kind": "clinic",
        "address": null,
        "phone": null,
        "operator": null,
        "beds": null,
        "source": "osm",
        "osm_id": "node/4491967595",
        "region_id": "kelurahan-lakarsantri",
        "region_name": "Lakarsantri"
      },
      "geometry": {
        "type": "Point",
        "coordinates": [
          112.6351709,
          -7.2963932
        ]
      }
    },
    {
      "type": "Feature",
      "id": "node/4493536650",
      "properties": {
        "id": "node/4493536650",
        "name": "Posyandu Balita RW 2 Kel. Jeruk",
        "kind": "clinic",
        "address": null,
        "phone": null,
        "operator": null,
        "beds": null,
        "source": "osm",
        "osm_id": "node/4493536650",
        "region_id": "kelurahan-jeruk",
        "region_name": "Jeruk"
      },
      "geometry": {
        "type": "Point",
        "coordinates": [
          112.6432075,
          -7.3036875
        ]
      }
    },
    {
      "type": "Feature",
      "id": "node/4493716524",
      "properties": {
        "id": "node/4493716524",
        "name": "Melati II",
        "kind": "clinic",
        "address": null,
        "phone": null,
        "operator": null,
        "beds": null,
        "source": "osm",
        "osm_id": "node/4493716524",
        "region_id": "kelurahan-pegirian",
        "region_name": "Pegirian"
      },
      "geometry": {
        "type": "Point",
        "coordinates": [
          112.7570498,
          -7.2299329
        ]
      }
    },
    {
      "type": "Feature",
      "id": "node/4493716697",
      "properties": {
        "id": "node/4493716697",
        "name": "Sri Rejeki 1",
        "kind": "clinic",
        "address": null,
        "phone": null,
        "operator": null,
        "beds": null,
        "source": "osm",
        "osm_id": "node/4493716697",
        "region_id": "kelurahan-pegirian",
        "region_name": "Pegirian"
      },
      "geometry": {
        "type": "Point",
        "coordinates": [
          112.7550063,
          -7.2261378
        ]
      }
    },
    {
      "type": "Feature",
      "id": "node/4501753523",
      "properties": {
        "id": "node/4501753523",
        "name": "Posyandu Flamboyan",
        "kind": "clinic",
        "address": null,
        "phone": null,
        "operator": null,
        "beds": null,
        "source": "osm",
        "osm_id": "node/4501753523",
        "region_id": "kelurahan-bulakbanteng",
        "region_name": "Bulak Banteng"
      },
      "geometry": {
        "type": "Point",
        "coordinates": [
          112.769442,
          -7.2208036
        ]
      }
    },
    {
      "type": "Feature",
      "id": "node/4503436232",
      "properties": {
        "id": "node/4503436232",
        "name": "Posyandu RW 03 Kel. Lidah Kulon",
        "kind": "clinic",
        "address": null,
        "phone": null,
        "operator": null,
        "beds": null,
        "source": "osm",
        "osm_id": "node/4503436232",
        "region_id": "kelurahan-lidahkulon",
        "region_name": "Lidah Kulon"
      },
      "geometry": {
        "type": "Point",
        "coordinates": [
          112.6527109,
          -7.3043746
        ]
      }
    },
    {
      "type": "Feature",
      "id": "node/4504062374",
      "properties": {
        "id": "node/4504062374",
        "name": "Posyandu Jaya Indah",
        "kind": "clinic",
        "address": null,
        "phone": null,
        "operator": null,
        "beds": null,
        "source": "osm",
        "osm_id": "node/4504062374",
        "region_id": "kelurahan-wonokusumo",
        "region_name": "Wonokusumo"
      },
      "geometry": {
        "type": "Point",
        "coordinates": [
          112.753399,
          -7.2233282
        ]
      }
    },
    {
      "type": "Feature",
      "id": "node/4504062375",
      "properties": {
        "id": "node/4504062375",
        "name": "Posyandu Mekarsari",
        "kind": "clinic",
        "address": null,
        "phone": null,
        "operator": null,
        "beds": null,
        "source": "osm",
        "osm_id": "node/4504062375",
        "region_id": "kelurahan-wonokusumo",
        "region_name": "Wonokusumo"
      },
      "geometry": {
        "type": "Point",
        "coordinates": [
          112.7535521,
          -7.2147588
        ]
      }
    },
    {
      "type": "Feature",
      "id": "node/4505929385",
      "properties": {
        "id": "node/4505929385",
        "name": "Posyandu Anak Smilebaby",
        "kind": "clinic",
        "address": null,
        "phone": null,
        "operator": null,
        "beds": null,
        "source": "osm",
        "osm_id": "node/4505929385",
        "region_id": "kelurahan-ujung",
        "region_name": "Ujung"
      },
      "geometry": {
        "type": "Point",
        "coordinates": [
          112.7427147,
          -7.2248409
        ]
      }
    },
    {
      "type": "Feature",
      "id": "node/4505929386",
      "properties": {
        "id": "node/4505929386",
        "name": "Posyandu Lansia Udang",
        "kind": "clinic",
        "address": null,
        "phone": null,
        "operator": null,
        "beds": null,
        "source": "osm",
        "osm_id": "node/4505929386",
        "region_id": "kelurahan-ujung",
        "region_name": "Ujung"
      },
      "geometry": {
        "type": "Point",
        "coordinates": [
          112.7426843,
          -7.22484
        ]
      }
    },
    {
      "type": "Feature",
      "id": "node/4518422428",
      "properties": {
        "id": "node/4518422428",
        "name": "Posyandu Melati",
        "kind": "clinic",
        "address": null,
        "phone": null,
        "operator": "Posyandu",
        "beds": null,
        "source": "osm",
        "osm_id": "node/4518422428",
        "region_id": "kelurahan-bubutan",
        "region_name": "Bubutan"
      },
      "geometry": {
        "type": "Point",
        "coordinates": [
          112.7347602,
          -7.2503528
        ]
      }
    },
    {
      "type": "Feature",
      "id": "node/4519863509",
      "properties": {
        "id": "node/4519863509",
        "name": "Posyandu",
        "kind": "clinic",
        "address": null,
        "phone": null,
        "operator": null,
        "beds": null,
        "source": "osm",
        "osm_id": "node/4519863509",
        "region_id": "kelurahan-bangkingan",
        "region_name": "Bangkingan"
      },
      "geometry": {
        "type": "Point",
        "coordinates": [
          112.6504265,
          -7.3175535
        ]
      }
    },
    {
      "type": "Feature",
      "id": "node/4519997488",
      "properties": {
        "id": "node/4519997488",
        "name": "Posyandu Balita Melati 4 dan Lansia",
        "kind": "clinic",
        "address": null,
        "phone": null,
        "operator": null,
        "beds": null,
        "source": "osm",
        "osm_id": "node/4519997488",
        "region_id": "kelurahan-sumurwelut",
        "region_name": "Sumur Welut"
      },
      "geometry": {
        "type": "Point",
        "coordinates": [
          112.6679038,
          -7.3269704
        ]
      }
    },
    {
      "type": "Feature",
      "id": "node/4519997589",
      "properties": {
        "id": "node/4519997589",
        "name": "Posyandu Melati 1",
        "kind": "clinic",
        "address": null,
        "phone": null,
        "operator": null,
        "beds": null,
        "source": "osm",
        "osm_id": "node/4519997589",
        "region_id": "kelurahan-sumurwelut",
        "region_name": "Sumur Welut"
      },
      "geometry": {
        "type": "Point",
        "coordinates": [
          112.6775352,
          -7.3277938
        ]
      }
    },
    {
      "type": "Feature",
      "id": "node/4520228470",
      "properties": {
        "id": "node/4520228470",
        "name": "Posyandu Beringin 5",
        "kind": "clinic",
        "address": null,
        "phone": null,
        "operator": null,
        "beds": null,
        "source": "osm",
        "osm_id": "node/4520228470",
        "region_id": "kelurahan-putatjaya",
        "region_name": "Putat Jaya"
      },
      "geometry": {
        "type": "Point",
        "coordinates": [
          112.7224087,
          -7.2779899
        ]
      }
    },
    {
      "type": "Feature",
      "id": "node/4520374041",
      "properties": {
        "id": "node/4520374041",
        "name": "Posyandu Pagulanstar",
        "kind": "clinic",
        "address": null,
        "phone": null,
        "operator": null,
        "beds": null,
        "source": "osm",
        "osm_id": "node/4520374041",
        "region_id": "kelurahan-pakis",
        "region_name": "Pakis"
      },
      "geometry": {
        "type": "Point",
        "coordinates": [
          112.7285004,
          -7.2842004
        ]
      }
    },
    {
      "type": "Feature",
      "id": "node/4520374042",
      "properties": {
        "id": "node/4520374042",
        "name": "Posyandu Sartika",
        "kind": "clinic",
        "address": null,
        "phone": null,
        "operator": null,
        "beds": null,
        "source": "osm",
        "osm_id": "node/4520374042",
        "region_id": "kelurahan-pakis",
        "region_name": "Pakis"
      },
      "geometry": {
        "type": "Point",
        "coordinates": [
          112.7225647,
          -7.2898002
        ]
      }
    },
    {
      "type": "Feature",
      "id": "node/4525562655",
      "properties": {
        "id": "node/4525562655",
        "name": "Posyandu Kelurahan Morokrembangan",
        "kind": "clinic",
        "address": null,
        "phone": null,
        "operator": null,
        "beds": null,
        "source": "osm",
        "osm_id": "node/4525562655",
        "region_id": "kelurahan-morokrembangan",
        "region_name": "Morokrembangan"
      },
      "geometry": {
        "type": "Point",
        "coordinates": [
          112.7223595,
          -7.2358207
        ]
      }
    },
    {
      "type": "Feature",
      "id": "node/4546069711",
      "properties": {
        "id": "node/4546069711",
        "name": "Posyandu Lansia",
        "kind": "clinic",
        "address": null,
        "phone": null,
        "operator": null,
        "beds": null,
        "source": "osm",
        "osm_id": "node/4546069711",
        "region_id": "kelurahan-petemon",
        "region_name": "Petemon"
      },
      "geometry": {
        "type": "Point",
        "coordinates": [
          112.7219504,
          -7.2665784
        ]
      }
    },
    {
      "type": "Feature",
      "id": "node/4556388447",
      "properties": {
        "id": "node/4556388447",
        "name": "Posyandu Lengkuas",
        "kind": "clinic",
        "address": null,
        "phone": null,
        "operator": null,
        "beds": null,
        "source": "osm",
        "osm_id": "node/4556388447",
        "region_id": "kelurahan-tenggilismejoyo",
        "region_name": "Tenggilis Mejoyo"
      },
      "geometry": {
        "type": "Point",
        "coordinates": [
          112.7575667,
          -7.3225926
        ]
      }
    },
    {
      "type": "Feature",
      "id": "node/4556787619",
      "properties": {
        "id": "node/4556787619",
        "name": "Posyandu Melati",
        "kind": "clinic",
        "address": null,
        "phone": null,
        "operator": null,
        "beds": null,
        "source": "osm",
        "osm_id": "node/4556787619",
        "region_id": "kelurahan-kupangkrajan",
        "region_name": "Kupang Krajan"
      },
      "geometry": {
        "type": "Point",
        "coordinates": [
          112.7166865,
          -7.2672549
        ]
      }
    },
    {
      "type": "Feature",
      "id": "node/4564476620",
      "properties": {
        "id": "node/4564476620",
        "name": "Posyandu Kenanga",
        "kind": "clinic",
        "address": null,
        "phone": null,
        "operator": null,
        "beds": null,
        "source": "osm",
        "osm_id": "node/4564476620",
        "region_id": "kelurahan-kandangan",
        "region_name": "Kandangan"
      },
      "geometry": {
        "type": "Point",
        "coordinates": [
          112.6554682,
          -7.2637591
        ]
      }
    },
    {
      "type": "Feature",
      "id": "node/4576947775",
      "properties": {
        "id": "node/4576947775",
        "name": "Posyandu Lansia Harapan Pertiwi",
        "kind": "clinic",
        "address": null,
        "phone": null,
        "operator": null,
        "beds": null,
        "source": "osm",
        "osm_id": "node/4576947775",
        "region_id": "kelurahan-babatjerawat",
        "region_name": "Babat Jerawat"
      },
      "geometry": {
        "type": "Point",
        "coordinates": [
          112.6289821,
          -7.2482424
        ]
      }
    },
    {
      "type": "Feature",
      "id": "node/4580700781",
      "properties": {
        "id": "node/4580700781",
        "name": "Posyandu Gotong Royong I",
        "kind": "clinic",
        "address": null,
        "phone": null,
        "operator": null,
        "beds": null,
        "source": "osm",
        "osm_id": "node/4580700781",
        "region_id": "kelurahan-pakal",
        "region_name": "Pakal"
      },
      "geometry": {
        "type": "Point",
        "coordinates": [
          112.6204419,
          -7.237383
        ]
      }
    },
    {
      "type": "Feature",
      "id": "node/4580700784",
      "properties": {
        "id": "node/4580700784",
        "name": "Posyandu Lansia Anugerah",
        "kind": "clinic",
        "address": null,
        "phone": null,
        "operator": null,
        "beds": null,
        "source": "osm",
        "osm_id": "node/4580700784",
        "region_id": "kelurahan-pakal",
        "region_name": "Pakal"
      },
      "geometry": {
        "type": "Point",
        "coordinates": [
          112.6203802,
          -7.237383
        ]
      }
    },
    {
      "type": "Feature",
      "id": "node/4586349373",
      "properties": {
        "id": "node/4586349373",
        "name": "Posyandu Melati",
        "kind": "clinic",
        "address": null,
        "phone": null,
        "operator": "Posyandu",
        "beds": null,
        "source": "osm",
        "osm_id": "node/4586349373",
        "region_id": "kelurahan-babatjerawat",
        "region_name": "Babat Jerawat"
      },
      "geometry": {
        "type": "Point",
        "coordinates": [
          112.6308249,
          -7.236088
        ]
      }
    },
    {
      "type": "Feature",
      "id": "node/4586404895",
      "properties": {
        "id": "node/4586404895",
        "name": "(tanpa nama)",
        "kind": "pharmacy",
        "address": null,
        "phone": null,
        "operator": null,
        "beds": null,
        "source": "osm",
        "osm_id": "node/4586404895",
        "region_id": "kelurahan-pradahkalikendal",
        "region_name": "Pradahkali Kendal"
      },
      "geometry": {
        "type": "Point",
        "coordinates": [
          112.6863373,
          -7.2801306
        ]
      }
    },
    {
      "type": "Feature",
      "id": "node/4590428564",
      "properties": {
        "id": "node/4590428564",
        "name": "Posyandu Melati",
        "kind": "clinic",
        "address": null,
        "phone": null,
        "operator": null,
        "beds": null,
        "source": "osm",
        "osm_id": "node/4590428564",
        "region_id": "kelurahan-benowo",
        "region_name": "Benowo"
      },
      "geometry": {
        "type": "Point",
        "coordinates": [
          112.6136895,
          -7.2317759
        ]
      }
    },
    {
      "type": "Feature",
      "id": "node/4590428566",
      "properties": {
        "id": "node/4590428566",
        "name": "Posyandu Lansia Senja Bahagia",
        "kind": "clinic",
        "address": null,
        "phone": null,
        "operator": null,
        "beds": null,
        "source": "osm",
        "osm_id": "node/4590428566",
        "region_id": "kelurahan-benowo",
        "region_name": "Benowo"
      },
      "geometry": {
        "type": "Point",
        "coordinates": [
          112.6137599,
          -7.2318005
        ]
      }
    },
    {
      "type": "Feature",
      "id": "node/4590474592",
      "properties": {
        "id": "node/4590474592",
        "name": "Poskesdes Benowo Ceria",
        "kind": "clinic",
        "address": null,
        "phone": null,
        "operator": null,
        "beds": null,
        "source": "osm",
        "osm_id": "node/4590474592",
        "region_id": "kelurahan-benowo",
        "region_name": "Benowo"
      },
      "geometry": {
        "type": "Point",
        "coordinates": [
          112.6152002,
          -7.2344455
        ]
      }
    },
    {
      "type": "Feature",
      "id": "node/4590474593",
      "properties": {
        "id": "node/4590474593",
        "name": "Posyandu Lansia Melati",
        "kind": "clinic",
        "address": null,
        "phone": null,
        "operator": null,
        "beds": null,
        "source": "osm",
        "osm_id": "node/4590474593",
        "region_id": "kelurahan-benowo",
        "region_name": "Benowo"
      },
      "geometry": {
        "type": "Point",
        "coordinates": [
          112.6152169,
          -7.2343983
        ]
      }
    },
    {
      "type": "Feature",
      "id": "node/4592185087",
      "properties": {
        "id": "node/4592185087",
        "name": "Posyandu Melati 5",
        "kind": "clinic",
        "address": null,
        "phone": null,
        "operator": null,
        "beds": null,
        "source": "osm",
        "osm_id": "node/4592185087",
        "region_id": "kelurahan-ketintang",
        "region_name": "Ketintang"
      },
      "geometry": {
        "type": "Point",
        "coordinates": [
          112.7219675,
          -7.325543
        ]
      }
    },
    {
      "type": "Feature",
      "id": "node/4599296027",
      "properties": {
        "id": "node/4599296027",
        "name": "Doktor umum",
        "kind": "doctor",
        "address": null,
        "phone": null,
        "operator": null,
        "beds": null,
        "source": "osm",
        "osm_id": "node/4599296027",
        "region_id": "kelurahan-sambikerep",
        "region_name": "Sambikerep"
      },
      "geometry": {
        "type": "Point",
        "coordinates": [
          112.6530981,
          -7.2852063
        ]
      }
    },
    {
      "type": "Feature",
      "id": "node/4599296290",
      "properties": {
        "id": "node/4599296290",
        "name": "Apotek Grace Farma",
        "kind": "pharmacy",
        "address": null,
        "phone": "+62 31 7404868",
        "operator": null,
        "beds": null,
        "source": "osm",
        "osm_id": "node/4599296290",
        "region_id": "kelurahan-sambikerep",
        "region_name": "Sambikerep"
      },
      "geometry": {
        "type": "Point",
        "coordinates": [
          112.6531085,
          -7.2852659
        ]
      }
    },
    {
      "type": "Feature",
      "id": "node/4599296302",
      "properties": {
        "id": "node/4599296302",
        "name": "Praktek dokter umum",
        "kind": "doctor",
        "address": null,
        "phone": null,
        "operator": null,
        "beds": null,
        "source": "osm",
        "osm_id": "node/4599296302",
        "region_id": "kelurahan-lidahkulon",
        "region_name": "Lidah Kulon"
      },
      "geometry": {
        "type": "Point",
        "coordinates": [
          112.6543318,
          -7.2951874
        ]
      }
    },
    {
      "type": "Feature",
      "id": "node/4600912486",
      "properties": {
        "id": "node/4600912486",
        "name": "Posyandu Balita Mawar Merah",
        "kind": "clinic",
        "address": null,
        "phone": null,
        "operator": null,
        "beds": null,
        "source": "osm",
        "osm_id": "node/4600912486",
        "region_id": "kelurahan-banjarsugihan",
        "region_name": "Banjar Sugihan"
      },
      "geometry": {
        "type": "Point",
        "coordinates": [
          112.6628369,
          -7.2592698
        ]
      }
    },
    {
      "type": "Feature",
      "id": "node/4613656160",
      "properties": {
        "id": "node/4613656160",
        "name": "Apotek",
        "kind": "pharmacy",
        "address": null,
        "phone": null,
        "operator": null,
        "beds": null,
        "source": "osm",
        "osm_id": "node/4613656160",
        "region_id": "kelurahan-sememi",
        "region_name": "Sememi"
      },
      "geometry": {
        "type": "Point",
        "coordinates": [
          112.6363864,
          -7.2621463
        ]
      }
    },
    {
      "type": "Feature",
      "id": "node/4617474834",
      "properties": {
        "id": "node/4617474834",
        "name": "Posyandu Palupi",
        "kind": "clinic",
        "address": null,
        "phone": null,
        "operator": null,
        "beds": null,
        "source": "osm",
        "osm_id": "node/4617474834",
        "region_id": "kelurahan-menanggal",
        "region_name": "Menanggal"
      },
      "geometry": {
        "type": "Point",
        "coordinates": [
          112.7224062,
          -7.3406871
        ]
      }
    },
    {
      "type": "Feature",
      "id": "node/4625438061",
      "properties": {
        "id": "node/4625438061",
        "name": "Posyandu Harapan Bangsa",
        "kind": "clinic",
        "address": null,
        "phone": null,
        "operator": "Posyandu",
        "beds": null,
        "source": "osm",
        "osm_id": "node/4625438061",
        "region_id": "kelurahan-babatjerawat",
        "region_name": "Babat Jerawat"
      },
      "geometry": {
        "type": "Point",
        "coordinates": [
          112.6241829,
          -7.2362054
        ]
      }
    },
    {
      "type": "Feature",
      "id": "node/4628345071",
      "properties": {
        "id": "node/4628345071",
        "name": "Posyandu RW IV Pakal",
        "kind": "clinic",
        "address": null,
        "phone": null,
        "operator": null,
        "beds": null,
        "source": "osm",
        "osm_id": "node/4628345071",
        "region_id": "kelurahan-pakal",
        "region_name": "Pakal"
      },
      "geometry": {
        "type": "Point",
        "coordinates": [
          112.6108218,
          -7.2428127
        ]
      }
    },
    {
      "type": "Feature",
      "id": "node/4673984279",
      "properties": {
        "id": "node/4673984279",
        "name": "RSIA Arafah Anwar Medika Sukodono",
        "kind": "hospital",
        "address": null,
        "phone": null,
        "operator": null,
        "beds": null,
        "source": "osm",
        "osm_id": "node/4673984279",
        "region_id": null,
        "region_name": null
      },
      "geometry": {
        "type": "Point",
        "coordinates": [
          112.672984,
          -7.3940264
        ]
      }
    },
    {
      "type": "Feature",
      "id": "node/4676089689",
      "properties": {
        "id": "node/4676089689",
        "name": "Puskesmas siwalankerto",
        "kind": "clinic",
        "address": null,
        "phone": null,
        "operator": null,
        "beds": null,
        "source": "osm",
        "osm_id": "node/4676089689",
        "region_id": "kelurahan-siwalankerto",
        "region_name": "SiwalanKerto"
      },
      "geometry": {
        "type": "Point",
        "coordinates": [
          112.7363945,
          -7.3403897
        ]
      }
    },
    {
      "type": "Feature",
      "id": "node/4735501967",
      "properties": {
        "id": "node/4735501967",
        "name": "(tanpa nama)",
        "kind": "hospital",
        "address": null,
        "phone": null,
        "operator": null,
        "beds": null,
        "source": "osm",
        "osm_id": "node/4735501967",
        "region_id": null,
        "region_name": null
      },
      "geometry": {
        "type": "Point",
        "coordinates": [
          112.6378821,
          -7.1453871
        ]
      }
    },
    {
      "type": "Feature",
      "id": "node/4766355326",
      "properties": {
        "id": "node/4766355326",
        "name": "Sukses",
        "kind": "pharmacy",
        "address": null,
        "phone": null,
        "operator": null,
        "beds": null,
        "source": "osm",
        "osm_id": "node/4766355326",
        "region_id": "kelurahan-lontar",
        "region_name": "Lontar"
      },
      "geometry": {
        "type": "Point",
        "coordinates": [
          112.6554456,
          -7.2874613
        ]
      }
    },
    {
      "type": "Feature",
      "id": "node/4800667553",
      "properties": {
        "id": "node/4800667553",
        "name": "(tanpa nama)",
        "kind": "pharmacy",
        "address": null,
        "phone": "+62317527389",
        "operator": null,
        "beds": null,
        "source": "osm",
        "osm_id": "node/4800667553",
        "region_id": "kelurahan-lontar",
        "region_name": "Lontar"
      },
      "geometry": {
        "type": "Point",
        "coordinates": [
          112.6740737,
          -7.2852616
        ]
      }
    },
    {
      "type": "Feature",
      "id": "node/4800667941",
      "properties": {
        "id": "node/4800667941",
        "name": "(tanpa nama)",
        "kind": "pharmacy",
        "address": null,
        "phone": null,
        "operator": null,
        "beds": null,
        "source": "osm",
        "osm_id": "node/4800667941",
        "region_id": "kelurahan-sonokwijenan",
        "region_name": "Sono Kwijenan"
      },
      "geometry": {
        "type": "Point",
        "coordinates": [
          112.6989221,
          -7.2743251
        ]
      }
    },
    {
      "type": "Feature",
      "id": "node/4800668081",
      "properties": {
        "id": "node/4800668081",
        "name": "(tanpa nama)",
        "kind": "pharmacy",
        "address": null,
        "phone": null,
        "operator": null,
        "beds": null,
        "source": "osm",
        "osm_id": "node/4800668081",
        "region_id": "kelurahan-lontar",
        "region_name": "Lontar"
      },
      "geometry": {
        "type": "Point",
        "coordinates": [
          112.6811114,
          -7.2792219
        ]
      }
    },
    {
      "type": "Feature",
      "id": "node/4899088196",
      "properties": {
        "id": "node/4899088196",
        "name": "Afif",
        "kind": "pharmacy",
        "address": null,
        "phone": null,
        "operator": null,
        "beds": null,
        "source": "osm",
        "osm_id": "node/4899088196",
        "region_id": null,
        "region_name": null
      },
      "geometry": {
        "type": "Point",
        "coordinates": [
          112.603651,
          -7.2972358
        ]
      }
    },
    {
      "type": "Feature",
      "id": "node/5015915522",
      "properties": {
        "id": "node/5015915522",
        "name": "Kimia Farma",
        "kind": "pharmacy",
        "address": "Jalan Perak Timur",
        "phone": null,
        "operator": null,
        "beds": null,
        "source": "osm",
        "osm_id": "node/5015915522",
        "region_id": "kelurahan-peraktimur",
        "region_name": "Perak Timur"
      },
      "geometry": {
        "type": "Point",
        "coordinates": [
          112.7324726,
          -7.2233419
        ]
      }
    },
    {
      "type": "Feature",
      "id": "node/5162211922",
      "properties": {
        "id": "node/5162211922",
        "name": "Apotek Siaga",
        "kind": "pharmacy",
        "address": "Jalan Krembangan Baru",
        "phone": null,
        "operator": null,
        "beds": null,
        "source": "osm",
        "osm_id": "node/5162211922",
        "region_id": "kelurahan-kemayoran",
        "region_name": "Kemayoran"
      },
      "geometry": {
        "type": "Point",
        "coordinates": [
          112.7294967,
          -7.2393533
        ]
      }
    },
    {
      "type": "Feature",
      "id": "node/5240396716",
      "properties": {
        "id": "node/5240396716",
        "name": "Glory",
        "kind": "pharmacy",
        "address": null,
        "phone": null,
        "operator": null,
        "beds": null,
        "source": "osm",
        "osm_id": "node/5240396716",
        "region_id": "kelurahan-lontar",
        "region_name": "Lontar"
      },
      "geometry": {
        "type": "Point",
        "coordinates": [
          112.6564141,
          -7.2847798
        ]
      }
    },
    {
      "type": "Feature",
      "id": "node/5240459590",
      "properties": {
        "id": "node/5240459590",
        "name": "Kimia Farma",
        "kind": "pharmacy",
        "address": null,
        "phone": null,
        "operator": null,
        "beds": null,
        "source": "osm",
        "osm_id": "node/5240459590",
        "region_id": "kelurahan-lontar",
        "region_name": "Lontar"
      },
      "geometry": {
        "type": "Point",
        "coordinates": [
          112.6558463,
          -7.2871846
        ]
      }
    },
    {
      "type": "Feature",
      "id": "node/5246520807",
      "properties": {
        "id": "node/5246520807",
        "name": "Kimia Farma",
        "kind": "pharmacy",
        "address": null,
        "phone": null,
        "operator": null,
        "beds": null,
        "source": "osm",
        "osm_id": "node/5246520807",
        "region_id": null,
        "region_name": null
      },
      "geometry": {
        "type": "Point",
        "coordinates": [
          112.7628845,
          -7.3779569
        ]
      }
    },
    {
      "type": "Feature",
      "id": "node/5246890047",
      "properties": {
        "id": "node/5246890047",
        "name": "(tanpa nama)",
        "kind": "pharmacy",
        "address": null,
        "phone": null,
        "operator": null,
        "beds": null,
        "source": "osm",
        "osm_id": "node/5246890047",
        "region_id": "kelurahan-pradahkalikendal",
        "region_name": "Pradahkali Kendal"
      },
      "geometry": {
        "type": "Point",
        "coordinates": [
          112.6971627,
          -7.2942346
        ]
      }
    },
    {
      "type": "Feature",
      "id": "node/5291393064",
      "properties": {
        "id": "node/5291393064",
        "name": "Kimia Farma",
        "kind": "pharmacy",
        "address": null,
        "phone": null,
        "operator": null,
        "beds": null,
        "source": "osm",
        "osm_id": "node/5291393064",
        "region_id": "kelurahan-drsutomo",
        "region_name": "Dr. Sutomo"
      },
      "geometry": {
        "type": "Point",
        "coordinates": [
          112.7409807,
          -7.2775358
        ]
      }
    },
    {
      "type": "Feature",
      "id": "node/5369425864",
      "properties": {
        "id": "node/5369425864",
        "name": "(tanpa nama)",
        "kind": "clinic",
        "address": null,
        "phone": null,
        "operator": null,
        "beds": null,
        "source": "osm",
        "osm_id": "node/5369425864",
        "region_id": "kelurahan-pradahkalikendal",
        "region_name": "Pradahkali Kendal"
      },
      "geometry": {
        "type": "Point",
        "coordinates": [
          112.6791875,
          -7.2874209
        ]
      }
    },
    {
      "type": "Feature",
      "id": "node/5897591800",
      "properties": {
        "id": "node/5897591800",
        "name": "Apotek Meliana",
        "kind": "pharmacy",
        "address": null,
        "phone": null,
        "operator": null,
        "beds": null,
        "source": "osm",
        "osm_id": "node/5897591800",
        "region_id": "kelurahan-airlangga",
        "region_name": "Airlangga"
      },
      "geometry": {
        "type": "Point",
        "coordinates": [
          112.7588868,
          -7.2784744
        ]
      }
    },
    {
      "type": "Feature",
      "id": "node/5897591859",
      "properties": {
        "id": "node/5897591859",
        "name": "(tanpa nama)",
        "kind": "clinic",
        "address": null,
        "phone": null,
        "operator": null,
        "beds": null,
        "source": "osm",
        "osm_id": "node/5897591859",
        "region_id": "kelurahan-manyarsabrangan",
        "region_name": "Manyar Sabrangan"
      },
      "geometry": {
        "type": "Point",
        "coordinates": [
          112.7754253,
          -7.2809075
        ]
      }
    },
    {
      "type": "Feature",
      "id": "node/5897591861",
      "properties": {
        "id": "node/5897591861",
        "name": "Kardia Medika",
        "kind": "pharmacy",
        "address": null,
        "phone": null,
        "operator": null,
        "beds": null,
        "source": "osm",
        "osm_id": "node/5897591861",
        "region_id": "kelurahan-manyarsabrangan",
        "region_name": "Manyar Sabrangan"
      },
      "geometry": {
        "type": "Point",
        "coordinates": [
          112.7778929,
          -7.2808796
        ]
      }
    },
    {
      "type": "Feature",
      "id": "node/5897591862",
      "properties": {
        "id": "node/5897591862",
        "name": "Surabaya Heart & Vascular Clinic",
        "kind": "clinic",
        "address": null,
        "phone": null,
        "operator": null,
        "beds": null,
        "source": "osm",
        "osm_id": "node/5897591862",
        "region_id": "kelurahan-manyarsabrangan",
        "region_name": "Manyar Sabrangan"
      },
      "geometry": {
        "type": "Point",
        "coordinates": [
          112.7779573,
          -7.2808876
        ]
      }
    },
    {
      "type": "Feature",
      "id": "node/5897591866",
      "properties": {
        "id": "node/5897591866",
        "name": "LBC Manyar Kertoarjo",
        "kind": "clinic",
        "address": null,
        "phone": null,
        "operator": null,
        "beds": null,
        "source": "osm",
        "osm_id": "node/5897591866",
        "region_id": "kelurahan-manyarsabrangan",
        "region_name": "Manyar Sabrangan"
      },
      "geometry": {
        "type": "Point",
        "coordinates": [
          112.7642566,
          -7.2800335
        ]
      }
    },
    {
      "type": "Feature",
      "id": "node/5897593893",
      "properties": {
        "id": "node/5897593893",
        "name": "Biotest",
        "kind": "clinic",
        "address": null,
        "phone": null,
        "operator": null,
        "beds": null,
        "source": "osm",
        "osm_id": "node/5897593893",
        "region_id": "kelurahan-manyarsabrangan",
        "region_name": "Manyar Sabrangan"
      },
      "geometry": {
        "type": "Point",
        "coordinates": [
          112.7750632,
          -7.2801133
        ]
      }
    },
    {
      "type": "Feature",
      "id": "node/6433684503",
      "properties": {
        "id": "node/6433684503",
        "name": "Klinik Hewan drh. M. Herry Susanto",
        "kind": "doctor",
        "address": "Jl. Barata Jaya 12 24A",
        "phone": "+62 31 5044518",
        "operator": "Klinik drh. M. Herry Susanto",
        "beds": null,
        "source": "osm",
        "osm_id": "node/6433684503",
        "region_id": "kelurahan-baratajaya",
        "region_name": "Baratajaya"
      },
      "geometry": {
        "type": "Point",
        "coordinates": [
          112.7582644,
          -7.2985924
        ]
      }
    },
    {
      "type": "Feature",
      "id": "node/6923858870",
      "properties": {
        "id": "node/6923858870",
        "name": "Apotik Bawean",
        "kind": "pharmacy",
        "address": null,
        "phone": null,
        "operator": null,
        "beds": null,
        "source": "osm",
        "osm_id": "node/6923858870",
        "region_id": "kelurahan-ngagel",
        "region_name": "Ngagel"
      },
      "geometry": {
        "type": "Point",
        "coordinates": [
          112.746058,
          -7.2775972
        ]
      }
    },
    {
      "type": "Feature",
      "id": "node/7166908285",
      "properties": {
        "id": "node/7166908285",
        "name": "Apotek Puspa Medika Kabupaten Sidoarjo",
        "kind": "pharmacy",
        "address": null,
        "phone": null,
        "operator": null,
        "beds": null,
        "source": "osm",
        "osm_id": "node/7166908285",
        "region_id": null,
        "region_name": null
      },
      "geometry": {
        "type": "Point",
        "coordinates": [
          112.7699216,
          -7.3522105
        ]
      }
    },
    {
      "type": "Feature",
      "id": "node/7215516217",
      "properties": {
        "id": "node/7215516217",
        "name": "Rumah Sakit Mitra Keluarga",
        "kind": "hospital",
        "address": null,
        "phone": null,
        "operator": null,
        "beds": null,
        "source": "osm",
        "osm_id": "node/7215516217",
        "region_id": null,
        "region_name": null
      },
      "geometry": {
        "type": "Point",
        "coordinates": [
          112.7754245,
          -7.3446267
        ]
      }
    },
    {
      "type": "Feature",
      "id": "node/7428606879",
      "properties": {
        "id": "node/7428606879",
        "name": "Apotek JeS 8",
        "kind": "pharmacy",
        "address": "Jalan Jemursari VIII 39",
        "phone": null,
        "operator": null,
        "beds": null,
        "source": "osm",
        "osm_id": "node/7428606879",
        "region_id": "kelurahan-jemurwonosari",
        "region_name": "Jemur Wonosari"
      },
      "geometry": {
        "type": "Point",
        "coordinates": [
          112.7399504,
          -7.3210938
        ]
      }
    },
    {
      "type": "Feature",
      "id": "node/7428606880",
      "properties": {
        "id": "node/7428606880",
        "name": "Apotek Setia",
        "kind": "pharmacy",
        "address": "Jalan Raya Jemursari 67",
        "phone": null,
        "operator": null,
        "beds": null,
        "source": "osm",
        "osm_id": "node/7428606880",
        "region_id": "kelurahan-jemurwonosari",
        "region_name": "Jemur Wonosari"
      },
      "geometry": {
        "type": "Point",
        "coordinates": [
          112.7419487,
          -7.3227778
        ]
      }
    },
    {
      "type": "Feature",
      "id": "node/7432482630",
      "properties": {
        "id": "node/7432482630",
        "name": "Guardian",
        "kind": "pharmacy",
        "address": null,
        "phone": null,
        "operator": null,
        "beds": null,
        "source": "osm",
        "osm_id": "node/7432482630",
        "region_id": "kelurahan-babatan",
        "region_name": "Babatan"
      },
      "geometry": {
        "type": "Point",
        "coordinates": [
          112.6763928,
          -7.2883425
        ]
      }
    },
    {
      "type": "Feature",
      "id": "node/7432482631",
      "properties": {
        "id": "node/7432482631",
        "name": "Century",
        "kind": "pharmacy",
        "address": null,
        "phone": null,
        "operator": null,
        "beds": null,
        "source": "osm",
        "osm_id": "node/7432482631",
        "region_id": "kelurahan-babatan",
        "region_name": "Babatan"
      },
      "geometry": {
        "type": "Point",
        "coordinates": [
          112.6756981,
          -7.2900186
        ]
      }
    },
    {
      "type": "Feature",
      "id": "node/8505794417",
      "properties": {
        "id": "node/8505794417",
        "name": "(tanpa nama)",
        "kind": "hospital",
        "address": null,
        "phone": null,
        "operator": null,
        "beds": null,
        "source": "osm",
        "osm_id": "node/8505794417",
        "region_id": null,
        "region_name": null
      },
      "geometry": {
        "type": "Point",
        "coordinates": [
          112.6629419,
          -7.1716673
        ]
      }
    },
    {
      "type": "Feature",
      "id": "node/9753339204",
      "properties": {
        "id": "node/9753339204",
        "name": "K24",
        "kind": "pharmacy",
        "address": null,
        "phone": null,
        "operator": null,
        "beds": null,
        "source": "osm",
        "osm_id": "node/9753339204",
        "region_id": "kelurahan-menurpumpungan",
        "region_name": "Menur Pumpungan"
      },
      "geometry": {
        "type": "Point",
        "coordinates": [
          112.7625941,
          -7.2947609
        ]
      }
    },
    {
      "type": "Feature",
      "id": "node/9807851263",
      "properties": {
        "id": "node/9807851263",
        "name": "Klinik Pratama Sebelas Medika",
        "kind": "clinic",
        "address": null,
        "phone": null,
        "operator": null,
        "beds": null,
        "source": "osm",
        "osm_id": "node/9807851263",
        "region_id": "kelurahan-ngagel",
        "region_name": "Ngagel"
      },
      "geometry": {
        "type": "Point",
        "coordinates": [
          112.7466458,
          -7.2905095
        ]
      }
    },
    {
      "type": "Feature",
      "id": "node/9813574236",
      "properties": {
        "id": "node/9813574236",
        "name": "Klinik Surabaya Utara",
        "kind": "clinic",
        "address": null,
        "phone": null,
        "operator": null,
        "beds": null,
        "source": "osm",
        "osm_id": "node/9813574236",
        "region_id": "kelurahan-pacarkeling",
        "region_name": "Pacar Keling"
      },
      "geometry": {
        "type": "Point",
        "coordinates": [
          112.7516768,
          -7.2654681
        ]
      }
    },
    {
      "type": "Feature",
      "id": "node/9813646796",
      "properties": {
        "id": "node/9813646796",
        "name": "Erha Apothecary Mall Ciputra World Surabaya",
        "kind": "pharmacy",
        "address": null,
        "phone": null,
        "operator": null,
        "beds": null,
        "source": "osm",
        "osm_id": "node/9813646796",
        "region_id": "kelurahan-gunungsari",
        "region_name": "Gunungsari"
      },
      "geometry": {
        "type": "Point",
        "coordinates": [
          112.7195681,
          -7.2926108
        ]
      }
    },
    {
      "type": "Feature",
      "id": "node/9816232358",
      "properties": {
        "id": "node/9816232358",
        "name": "Klinik Pratama Adi Hayati Ketintang",
        "kind": "clinic",
        "address": null,
        "phone": null,
        "operator": null,
        "beds": null,
        "source": "osm",
        "osm_id": "node/9816232358",
        "region_id": "kelurahan-ketintang",
        "region_name": "Ketintang"
      },
      "geometry": {
        "type": "Point",
        "coordinates": [
          112.7251207,
          -7.3246162
        ]
      }
    },
    {
      "type": "Feature",
      "id": "node/9816279739",
      "properties": {
        "id": "node/9816279739",
        "name": "Praktek Dokter Dr. Sofwan Hadi",
        "kind": "doctor",
        "address": null,
        "phone": null,
        "operator": null,
        "beds": null,
        "source": "osm",
        "osm_id": "node/9816279739",
        "region_id": "kelurahan-wonokromo",
        "region_name": "Wonokromo"
      },
      "geometry": {
        "type": "Point",
        "coordinates": [
          112.7316606,
          -7.3087325
        ]
      }
    },
    {
      "type": "Feature",
      "id": "node/9821306322",
      "properties": {
        "id": "node/9821306322",
        "name": "Klinik Sentra Medika Surabaya",
        "kind": "clinic",
        "address": null,
        "phone": null,
        "operator": null,
        "beds": null,
        "source": "osm",
        "osm_id": "node/9821306322",
        "region_id": "kelurahan-tenggilismejoyo",
        "region_name": "Tenggilis Mejoyo"
      },
      "geometry": {
        "type": "Point",
        "coordinates": [
          112.7599313,
          -7.3201147
        ]
      }
    },
    {
      "type": "Feature",
      "id": "node/9821384497",
      "properties": {
        "id": "node/9821384497",
        "name": "Klinik Mata Tritya",
        "kind": "clinic",
        "address": null,
        "phone": null,
        "operator": null,
        "beds": null,
        "source": "osm",
        "osm_id": "node/9821384497",
        "region_id": "kelurahan-baratajaya",
        "region_name": "Baratajaya"
      },
      "geometry": {
        "type": "Point",
        "coordinates": [
          112.7600089,
          -7.2988591
        ]
      }
    },
    {
      "type": "Feature",
      "id": "node/9821475352",
      "properties": {
        "id": "node/9821475352",
        "name": "Klinik Medico Sier Kutisari",
        "kind": "clinic",
        "address": null,
        "phone": null,
        "operator": null,
        "beds": null,
        "source": "osm",
        "osm_id": "node/9821475352",
        "region_id": "kelurahan-kutisari",
        "region_name": "Kutisari"
      },
      "geometry": {
        "type": "Point",
        "coordinates": [
          112.7514273,
          -7.3349965
        ]
      }
    },
    {
      "type": "Feature",
      "id": "node/9824048049",
      "properties": {
        "id": "node/9824048049",
        "name": "RSGM Nala Husada",
        "kind": "hospital",
        "address": null,
        "phone": null,
        "operator": null,
        "beds": null,
        "source": "osm",
        "osm_id": "node/9824048049",
        "region_id": "kelurahan-keputih",
        "region_name": "Keputih"
      },
      "geometry": {
        "type": "Point",
        "coordinates": [
          112.7951887,
          -7.2911822
        ]
      }
    },
    {
      "type": "Feature",
      "id": "node/9832317828",
      "properties": {
        "id": "node/9832317828",
        "name": "Puskesmas Waru",
        "kind": "clinic",
        "address": null,
        "phone": null,
        "operator": "Ministry of Health",
        "beds": null,
        "source": "osm",
        "osm_id": "node/9832317828",
        "region_id": null,
        "region_name": null
      },
      "geometry": {
        "type": "Point",
        "coordinates": [
          112.7559717,
          -7.3544931
        ]
      }
    },
    {
      "type": "Feature",
      "id": "node/9833059949",
      "properties": {
        "id": "node/9833059949",
        "name": "Klinik Gigi RKZ",
        "kind": "hospital",
        "address": "Jalan Ciliwung 42",
        "phone": null,
        "operator": null,
        "beds": null,
        "source": "osm",
        "osm_id": "node/9833059949",
        "region_id": "kelurahan-darmo",
        "region_name": "Darmo"
      },
      "geometry": {
        "type": "Point",
        "coordinates": [
          112.7354954,
          -7.2931451
        ]
      }
    },
    {
      "type": "Feature",
      "id": "node/9833266137",
      "properties": {
        "id": "node/9833266137",
        "name": "Bidan Sudjiati Frans",
        "kind": "doctor",
        "address": null,
        "phone": null,
        "operator": null,
        "beds": null,
        "source": "osm",
        "osm_id": "node/9833266137",
        "region_id": "kelurahan-kupangkrajan",
        "region_name": "Kupang Krajan"
      },
      "geometry": {
        "type": "Point",
        "coordinates": [
          112.7237254,
          -7.2720146
        ]
      }
    },
    {
      "type": "Feature",
      "id": "node/9891147069",
      "properties": {
        "id": "node/9891147069",
        "name": "AKJ Aesthetic Center Pusat",
        "kind": "clinic",
        "address": "Jalan Raya Mulyosari PEE-11",
        "phone": "+6287703041660",
        "operator": null,
        "beds": null,
        "source": "osm",
        "osm_id": "node/9891147069",
        "region_id": "kelurahan-kalisari",
        "region_name": "Kalisari"
      },
      "geometry": {
        "type": "Point",
        "coordinates": [
          112.7952831,
          -7.2605642
        ]
      }
    },
    {
      "type": "Feature",
      "id": "node/11252234337",
      "properties": {
        "id": "node/11252234337",
        "name": "Puskesmas Kamal",
        "kind": "hospital",
        "address": null,
        "phone": null,
        "operator": null,
        "beds": null,
        "source": "osm",
        "osm_id": "node/11252234337",
        "region_id": null,
        "region_name": null
      },
      "geometry": {
        "type": "Point",
        "coordinates": [
          112.7209504,
          -7.1640882
        ]
      }
    },
    {
      "type": "Feature",
      "id": "node/11308076627",
      "properties": {
        "id": "node/11308076627",
        "name": "BRIMedika",
        "kind": "clinic",
        "address": null,
        "phone": null,
        "operator": null,
        "beds": null,
        "source": "osm",
        "osm_id": "node/11308076627",
        "region_id": "kelurahan-siwalankerto",
        "region_name": "SiwalanKerto"
      },
      "geometry": {
        "type": "Point",
        "coordinates": [
          112.7311917,
          -7.3319572
        ]
      }
    },
    {
      "type": "Feature",
      "id": "node/11733317578",
      "properties": {
        "id": "node/11733317578",
        "name": "Berlin 2",
        "kind": "pharmacy",
        "address": "Jalan Kebalen Timur",
        "phone": null,
        "operator": null,
        "beds": null,
        "source": "osm",
        "osm_id": "node/11733317578",
        "region_id": "kelurahan-krembanganutara",
        "region_name": "Krembangan Utara"
      },
      "geometry": {
        "type": "Point",
        "coordinates": [
          112.735138,
          -7.2298398
        ]
      }
    },
    {
      "type": "Feature",
      "id": "node/12284562547",
      "properties": {
        "id": "node/12284562547",
        "name": "Apotek Al-Fatih",
        "kind": "pharmacy",
        "address": null,
        "phone": null,
        "operator": null,
        "beds": null,
        "source": "osm",
        "osm_id": "node/12284562547",
        "region_id": "kelurahan-wonorejo-8225481",
        "region_name": "Wonorejo"
      },
      "geometry": {
        "type": "Point",
        "coordinates": [
          112.7295966,
          -7.274559
        ]
      }
    },
    {
      "type": "Feature",
      "id": "node/12292717236",
      "properties": {
        "id": "node/12292717236",
        "name": "RS Katolik Vincentius A Poli",
        "kind": "hospital",
        "address": null,
        "phone": null,
        "operator": null,
        "beds": null,
        "source": "osm",
        "osm_id": "node/12292717236",
        "region_id": "kelurahan-darmo",
        "region_name": "Darmo"
      },
      "geometry": {
        "type": "Point",
        "coordinates": [
          112.7362614,
          -7.2912069
        ]
      }
    },
    {
      "type": "Feature",
      "id": "node/12958226683",
      "properties": {
        "id": "node/12958226683",
        "name": "Klinik Pratama Poltekbang Surabaya",
        "kind": "clinic",
        "address": null,
        "phone": null,
        "operator": null,
        "beds": null,
        "source": "osm",
        "osm_id": "node/12958226683",
        "region_id": "kelurahan-siwalankerto",
        "region_name": "SiwalanKerto"
      },
      "geometry": {
        "type": "Point",
        "coordinates": [
          112.7356612,
          -7.3331252
        ]
      }
    },
    {
      "type": "Feature",
      "id": "node/13088579433",
      "properties": {
        "id": "node/13088579433",
        "name": "Puskesmas Gending",
        "kind": "hospital",
        "address": "Jalan Veteran",
        "phone": null,
        "operator": null,
        "beds": null,
        "source": "osm",
        "osm_id": "node/13088579433",
        "region_id": null,
        "region_name": null
      },
      "geometry": {
        "type": "Point",
        "coordinates": [
          112.6491487,
          -7.1826405
        ]
      }
    },
    {
      "type": "Feature",
      "id": "node/13088769990",
      "properties": {
        "id": "node/13088769990",
        "name": "Klinik Semen Gresik",
        "kind": "clinic",
        "address": "Jalan Veteran",
        "phone": null,
        "operator": null,
        "beds": null,
        "source": "osm",
        "osm_id": "node/13088769990",
        "region_id": null,
        "region_name": null
      },
      "geometry": {
        "type": "Point",
        "coordinates": [
          112.6495959,
          -7.1801177
        ]
      }
    },
    {
      "type": "Feature",
      "id": "node/13205863501",
      "properties": {
        "id": "node/13205863501",
        "name": "Klinik Umum Dan Spesialis Ciliwung 26",
        "kind": "hospital",
        "address": "Jalan Ciliwung 26",
        "phone": null,
        "operator": null,
        "beds": null,
        "source": "osm",
        "osm_id": "node/13205863501",
        "region_id": "kelurahan-darmo",
        "region_name": "Darmo"
      },
      "geometry": {
        "type": "Point",
        "coordinates": [
          112.7362334,
          -7.2921556
        ]
      }
    },
    {
      "type": "Feature",
      "id": "node/13335528689",
      "properties": {
        "id": "node/13335528689",
        "name": "Apotek Sumput Farma",
        "kind": "pharmacy",
        "address": null,
        "phone": null,
        "operator": "Private Company",
        "beds": null,
        "source": "osm",
        "osm_id": "node/13335528689",
        "region_id": null,
        "region_name": null
      },
      "geometry": {
        "type": "Point",
        "coordinates": [
          112.6038244,
          -7.3549505
        ]
      }
    },
    {
      "type": "Feature",
      "id": "node/13335528690",
      "properties": {
        "id": "node/13335528690",
        "name": "Praktek dr. Pinky Melinda",
        "kind": "doctor",
        "address": null,
        "phone": null,
        "operator": "Private",
        "beds": null,
        "source": "osm",
        "osm_id": "node/13335528690",
        "region_id": null,
        "region_name": null
      },
      "geometry": {
        "type": "Point",
        "coordinates": [
          112.6039059,
          -7.3549569
        ]
      }
    },
    {
      "type": "Feature",
      "id": "node/13335528691",
      "properties": {
        "id": "node/13335528691",
        "name": "Bidan Hj Ely",
        "kind": "doctor",
        "address": null,
        "phone": null,
        "operator": "Bidan Delima",
        "beds": null,
        "source": "osm",
        "osm_id": "node/13335528691",
        "region_id": null,
        "region_name": null
      },
      "geometry": {
        "type": "Point",
        "coordinates": [
          112.6039445,
          -7.3549569
        ]
      }
    },
    {
      "type": "Feature",
      "id": "node/13335603620",
      "properties": {
        "id": "node/13335603620",
        "name": "Posyandu Dahlia",
        "kind": "clinic",
        "address": null,
        "phone": null,
        "operator": "Posyandu",
        "beds": null,
        "source": "osm",
        "osm_id": "node/13335603620",
        "region_id": null,
        "region_name": null
      },
      "geometry": {
        "type": "Point",
        "coordinates": [
          112.6081235,
          -7.3539157
        ]
      }
    },
    {
      "type": "Feature",
      "id": "node/13335603624",
      "properties": {
        "id": "node/13335603624",
        "name": "Ponkesdes Sumput",
        "kind": "clinic",
        "address": null,
        "phone": null,
        "operator": "Dinas Kesehatan Kabupaten Gresik",
        "beds": null,
        "source": "osm",
        "osm_id": "node/13335603624",
        "region_id": null,
        "region_name": null
      },
      "geometry": {
        "type": "Point",
        "coordinates": [
          112.6050696,
          -7.3507367
        ]
      }
    },
    {
      "type": "Feature",
      "id": "node/13335603626",
      "properties": {
        "id": "node/13335603626",
        "name": "Apotek Pasar Sumput",
        "kind": "pharmacy",
        "address": null,
        "phone": null,
        "operator": "private",
        "beds": null,
        "source": "osm",
        "osm_id": "node/13335603626",
        "region_id": null,
        "region_name": null
      },
      "geometry": {
        "type": "Point",
        "coordinates": [
          112.6015721,
          -7.3547279
        ]
      }
    },
    {
      "type": "Feature",
      "id": "node/13824545101",
      "properties": {
        "id": "node/13824545101",
        "name": "Rumah Sakit Usada",
        "kind": "hospital",
        "address": "Jl. Jeruk No.117",
        "phone": null,
        "operator": null,
        "beds": null,
        "source": "osm",
        "osm_id": "node/13824545101",
        "region_id": null,
        "region_name": null
      },
      "geometry": {
        "type": "Point",
        "coordinates": [
          112.7131758,
          -7.370575
        ]
      }
    },
    {
      "type": "Feature",
      "id": "node/13824599301",
      "properties": {
        "id": "node/13824599301",
        "name": "Apotek K24",
        "kind": "pharmacy",
        "address": "Jl. Aryo Bebangah No.244",
        "phone": null,
        "operator": null,
        "beds": null,
        "source": "osm",
        "osm_id": "node/13824599301",
        "region_id": null,
        "region_name": null
      },
      "geometry": {
        "type": "Point",
        "coordinates": [
          112.7155091,
          -7.3699537
        ]
      }
    },
    {
      "type": "Feature",
      "id": "way/119490024",
      "properties": {
        "id": "way/119490024",
        "name": "Medical Center ITS",
        "kind": "clinic",
        "address": null,
        "phone": null,
        "operator": null,
        "beds": null,
        "source": "osm",
        "osm_id": "way/119490024",
        "region_id": "kelurahan-keputih",
        "region_name": "Keputih"
      },
      "geometry": {
        "type": "Point",
        "coordinates": [
          112.7928406,
          -7.2903521
        ]
      }
    },
    {
      "type": "Feature",
      "id": "way/121862400",
      "properties": {
        "id": "way/121862400",
        "name": "Rumah Sakit Onkologi",
        "kind": "hospital",
        "address": null,
        "phone": null,
        "operator": null,
        "beds": null,
        "source": "osm",
        "osm_id": "way/121862400",
        "region_id": "kelurahan-keputih",
        "region_name": "Keputih"
      },
      "geometry": {
        "type": "Point",
        "coordinates": [
          112.7892865,
          -7.2908984
        ]
      }
    },
    {
      "type": "Feature",
      "id": "way/138697830",
      "properties": {
        "id": "way/138697830",
        "name": "Puskesmas Kebonsari",
        "kind": "clinic",
        "address": null,
        "phone": null,
        "operator": null,
        "beds": null,
        "source": "osm",
        "osm_id": "way/138697830",
        "region_id": "kelurahan-kebonsari",
        "region_name": "Kebonsari"
      },
      "geometry": {
        "type": "Point",
        "coordinates": [
          112.7144457,
          -7.3284006
        ]
      }
    },
    {
      "type": "Feature",
      "id": "way/185053556",
      "properties": {
        "id": "way/185053556",
        "name": "RSIA PUSURA",
        "kind": "hospital",
        "address": "Jalan Tegalsari",
        "phone": null,
        "operator": null,
        "beds": null,
        "source": "osm",
        "osm_id": "way/185053556",
        "region_id": "kelurahan-tegalsari",
        "region_name": "Tegalsari"
      },
      "geometry": {
        "type": "Point",
        "coordinates": [
          112.7370451,
          -7.2661587
        ]
      }
    },
    {
      "type": "Feature",
      "id": "way/185055599",
      "properties": {
        "id": "way/185055599",
        "name": "TCM Sari Alam",
        "kind": "clinic",
        "address": null,
        "phone": null,
        "operator": null,
        "beds": null,
        "source": "osm",
        "osm_id": "way/185055599",
        "region_id": "kelurahan-tegalsari",
        "region_name": "Tegalsari"
      },
      "geometry": {
        "type": "Point",
        "coordinates": [
          112.7359191,
          -7.267437
        ]
      }
    },
    {
      "type": "Feature",
      "id": "way/185056779",
      "properties": {
        "id": "way/185056779",
        "name": "Erha",
        "kind": "clinic",
        "address": "Jalan Kombes M. Duryat 18",
        "phone": null,
        "operator": null,
        "beds": null,
        "source": "osm",
        "osm_id": "way/185056779",
        "region_id": "kelurahan-tegalsari",
        "region_name": "Tegalsari"
      },
      "geometry": {
        "type": "Point",
        "coordinates": [
          112.7383203,
          -7.2679286
        ]
      }
    },
    {
      "type": "Feature",
      "id": "way/185056781",
      "properties": {
        "id": "way/185056781",
        "name": "Panti Asuhan Matahari Terbit",
        "kind": "clinic",
        "address": "Jalan Kombes M. Duryat 10-12",
        "phone": null,
        "operator": null,
        "beds": null,
        "source": "osm",
        "osm_id": "way/185056781",
        "region_id": "kelurahan-tegalsari",
        "region_name": "Tegalsari"
      },
      "geometry": {
        "type": "Point",
        "coordinates": [
          112.7391107,
          -7.2681102
        ]
      }
    },
    {
      "type": "Feature",
      "id": "way/194433170",
      "properties": {
        "id": "way/194433170",
        "name": "RSUD Haji Provinsi Jawa Timur",
        "kind": "hospital",
        "address": "Jl. Manyar Kertoadi 10",
        "phone": "+62 31-5924000",
        "operator": null,
        "beds": null,
        "source": "osm",
        "osm_id": "way/194433170",
        "region_id": "kelurahan-klampisngasem",
        "region_name": "Klampis Ngasem"
      },
      "geometry": {
        "type": "Point",
        "coordinates": [
          112.7798288,
          -7.2828126
        ]
      }
    },
    {
      "type": "Feature",
      "id": "way/257897278",
      "properties": {
        "id": "way/257897278",
        "name": "Rumah Sakit Universitas Airlangga",
        "kind": "hospital",
        "address": "Jalan Dharmahusada Indah Utara",
        "phone": "+62315916290",
        "operator": null,
        "beds": null,
        "source": "osm",
        "osm_id": "way/257897278",
        "region_id": "kelurahan-mulyorejo",
        "region_name": "Mulyorejo"
      },
      "geometry": {
        "type": "Point",
        "coordinates": [
          112.7849794,
          -7.2697298
        ]
      }
    },
    {
      "type": "Feature",
      "id": "way/280299555",
      "properties": {
        "id": "way/280299555",
        "name": "Rumah Sakit Darmo",
        "kind": "hospital",
        "address": "Jalan Raya Darmo 90",
        "phone": null,
        "operator": null,
        "beds": null,
        "source": "osm",
        "osm_id": "way/280299555",
        "region_id": "kelurahan-drsutomo",
        "region_name": "Dr. Sutomo"
      },
      "geometry": {
        "type": "Point",
        "coordinates": [
          112.7382653,
          -7.287413
        ]
      }
    },
    {
      "type": "Feature",
      "id": "way/307282253",
      "properties": {
        "id": "way/307282253",
        "name": "Rumah Sakit Jiwa Menur Provinsi Jawa Timur",
        "kind": "hospital",
        "address": null,
        "phone": null,
        "operator": null,
        "beds": null,
        "source": "osm",
        "osm_id": "way/307282253",
        "region_id": "kelurahan-kertajaya",
        "region_name": "Kertajaya"
      },
      "geometry": {
        "type": "Point",
        "coordinates": [
          112.7620875,
          -7.2861609
        ]
      }
    },
    {
      "type": "Feature",
      "id": "way/307388039",
      "properties": {
        "id": "way/307388039",
        "name": "Klinik Pratama",
        "kind": "clinic",
        "address": null,
        "phone": null,
        "operator": null,
        "beds": null,
        "source": "osm",
        "osm_id": "way/307388039",
        "region_id": "kelurahan-sukolilobaru",
        "region_name": "Sukolilo Baru"
      },
      "geometry": {
        "type": "Point",
        "coordinates": [
          112.7928573,
          -7.2420683
        ]
      }
    },
    {
      "type": "Feature",
      "id": "way/320182744",
      "properties": {
        "id": "way/320182744",
        "name": "Rumah Sakit Khusus Infeksi",
        "kind": "hospital",
        "address": "Jl. Mulyorejo",
        "phone": "+62 31 5961389",
        "operator": null,
        "beds": null,
        "source": "osm",
        "osm_id": "way/320182744",
        "region_id": "kelurahan-mulyorejo",
        "region_name": "Mulyorejo"
      },
      "geometry": {
        "type": "Point",
        "coordinates": [
          112.7863259,
          -7.2699287
        ]
      }
    },
    {
      "type": "Feature",
      "id": "way/342224425",
      "properties": {
        "id": "way/342224425",
        "name": "(tanpa nama)",
        "kind": "hospital",
        "address": null,
        "phone": null,
        "operator": null,
        "beds": null,
        "source": "osm",
        "osm_id": "way/342224425",
        "region_id": null,
        "region_name": null
      },
      "geometry": {
        "type": "Point",
        "coordinates": [
          112.6556576,
          -7.1777693
        ]
      }
    },
    {
      "type": "Feature",
      "id": "way/344100866",
      "properties": {
        "id": "way/344100866",
        "name": "Ciputra Hospital",
        "kind": "hospital",
        "address": null,
        "phone": null,
        "operator": "Ciputra Group",
        "beds": null,
        "source": "osm",
        "osm_id": "way/344100866",
        "region_id": "kelurahan-made",
        "region_name": "Made"
      },
      "geometry": {
        "type": "Point",
        "coordinates": [
          112.6345629,
          -7.2808544
        ]
      }
    },
    {
      "type": "Feature",
      "id": "way/344199638",
      "properties": {
        "id": "way/344199638",
        "name": "Kimia Farma",
        "kind": "pharmacy",
        "address": "Jalan Dharmawangsa",
        "phone": null,
        "operator": null,
        "beds": null,
        "source": "osm",
        "osm_id": "way/344199638",
        "region_id": "kelurahan-airlangga",
        "region_name": "Airlangga"
      },
      "geometry": {
        "type": "Point",
        "coordinates": [
          112.7561794,
          -7.2695631
        ]
      }
    },
    {
      "type": "Feature",
      "id": "way/371708402",
      "properties": {
        "id": "way/371708402",
        "name": "Pusat Layanan Kesehatan Unair",
        "kind": "clinic",
        "address": null,
        "phone": null,
        "operator": null,
        "beds": null,
        "source": "osm",
        "osm_id": "way/371708402",
        "region_id": "kelurahan-airlangga",
        "region_name": "Airlangga"
      },
      "geometry": {
        "type": "Point",
        "coordinates": [
          112.7566483,
          -7.2708674
        ]
      }
    },
    {
      "type": "Feature",
      "id": "way/376494209",
      "properties": {
        "id": "way/376494209",
        "name": "Rumah Sakit Katolik St. Vincentius A Paulo (RKZ)",
        "kind": "hospital",
        "address": null,
        "phone": null,
        "operator": null,
        "beds": null,
        "source": "osm",
        "osm_id": "way/376494209",
        "region_id": "kelurahan-darmo",
        "region_name": "Darmo"
      },
      "geometry": {
        "type": "Point",
        "coordinates": [
          112.7353796,
          -7.2918904
        ]
      }
    },
    {
      "type": "Feature",
      "id": "way/376918049",
      "properties": {
        "id": "way/376918049",
        "name": "Apotek Kimia Farma 45 Darmo 94",
        "kind": "pharmacy",
        "address": "Jalan Raya Darmo",
        "phone": null,
        "operator": null,
        "beds": null,
        "source": "osm",
        "osm_id": "way/376918049",
        "region_id": "kelurahan-drsutomo",
        "region_name": "Dr. Sutomo"
      },
      "geometry": {
        "type": "Point",
        "coordinates": [
          112.7389084,
          -7.2885573
        ]
      }
    },
    {
      "type": "Feature",
      "id": "way/405810167",
      "properties": {
        "id": "way/405810167",
        "name": "Puskesmas Jagir",
        "kind": "clinic",
        "address": "Jalan Bendul Merisi",
        "phone": null,
        "operator": "Dinas Kesehatan Kota Surabaya",
        "beds": null,
        "source": "osm",
        "osm_id": "way/405810167",
        "region_id": "kelurahan-jagir",
        "region_name": "Jagir"
      },
      "geometry": {
        "type": "Point",
        "coordinates": [
          112.7377329,
          -7.3056173
        ]
      }
    },
    {
      "type": "Feature",
      "id": "way/405810297",
      "properties": {
        "id": "way/405810297",
        "name": "UPT Latkesmas Murnajati",
        "kind": "clinic",
        "address": "Jalan Bendul Merisi",
        "phone": null,
        "operator": null,
        "beds": null,
        "source": "osm",
        "osm_id": "way/405810297",
        "region_id": "kelurahan-jagir",
        "region_name": "Jagir"
      },
      "geometry": {
        "type": "Point",
        "coordinates": [
          112.7391014,
          -7.3056404
        ]
      }
    },
    {
      "type": "Feature",
      "id": "way/426896954",
      "properties": {
        "id": "way/426896954",
        "name": "Klinik Ultra Medica",
        "kind": "clinic",
        "address": null,
        "phone": null,
        "operator": null,
        "beds": null,
        "source": "osm",
        "osm_id": "way/426896954",
        "region_id": "kelurahan-gubeng",
        "region_name": "Gubeng"
      },
      "geometry": {
        "type": "Point",
        "coordinates": [
          112.7514424,
          -7.2694757
        ]
      }
    },
    {
      "type": "Feature",
      "id": "way/426896980",
      "properties": {
        "id": "way/426896980",
        "name": "MedicElle Clinic Gubeng",
        "kind": "clinic",
        "address": null,
        "phone": null,
        "operator": null,
        "beds": null,
        "source": "osm",
        "osm_id": "way/426896980",
        "region_id": "kelurahan-gubeng",
        "region_name": "Gubeng"
      },
      "geometry": {
        "type": "Point",
        "coordinates": [
          112.7511561,
          -7.2693392
        ]
      }
    },
    {
      "type": "Feature",
      "id": "way/429000349",
      "properties": {
        "id": "way/429000349",
        "name": "The Emdee Skin Clinic",
        "kind": "clinic",
        "address": "Jl. Biliton No. 40D",
        "phone": null,
        "operator": null,
        "beds": null,
        "source": "osm",
        "osm_id": "way/429000349",
        "region_id": "kelurahan-gubeng",
        "region_name": "Gubeng"
      },
      "geometry": {
        "type": "Point",
        "coordinates": [
          112.7491055,
          -7.2762311
        ]
      }
    },
    {
      "type": "Feature",
      "id": "way/429077947",
      "properties": {
        "id": "way/429077947",
        "name": "RSIA Ferina Surabaya",
        "kind": "hospital",
        "address": null,
        "phone": null,
        "operator": null,
        "beds": null,
        "source": "osm",
        "osm_id": "way/429077947",
        "region_id": "kelurahan-gubeng",
        "region_name": "Gubeng"
      },
      "geometry": {
        "type": "Point",
        "coordinates": [
          112.7448221,
          -7.2737545
        ]
      }
    },
    {
      "type": "Feature",
      "id": "way/431978015",
      "properties": {
        "id": "way/431978015",
        "name": "Elizabeth Medical Centre",
        "kind": "clinic",
        "address": null,
        "phone": null,
        "operator": null,
        "beds": null,
        "source": "osm",
        "osm_id": "way/431978015",
        "region_id": "kelurahan-ngagel",
        "region_name": "Ngagel"
      },
      "geometry": {
        "type": "Point",
        "coordinates": [
          112.747935,
          -7.2771172
        ]
      }
    },
    {
      "type": "Feature",
      "id": "way/445055946",
      "properties": {
        "id": "way/445055946",
        "name": "Puskesmas Pembantu Sukolilo",
        "kind": "clinic",
        "address": "Jalan KH. Ahmad Dahlan",
        "phone": null,
        "operator": null,
        "beds": null,
        "source": "osm",
        "osm_id": "way/445055946",
        "region_id": "kelurahan-keputih",
        "region_name": "Keputih"
      },
      "geometry": {
        "type": "Point",
        "coordinates": [
          112.8003844,
          -7.2893685
        ]
      }
    },
    {
      "type": "Feature",
      "id": "way/446524876",
      "properties": {
        "id": "way/446524876",
        "name": "Rumah Sakit Angkatan Laut Dr. Ramelan",
        "kind": "hospital",
        "address": "Dinas Pertanian UPT Pengawasan dan sertifikasi hasil pertanian No. 1",
        "phone": "+62 31-8438153",
        "operator": null,
        "beds": null,
        "source": "osm",
        "osm_id": "way/446524876",
        "region_id": "kelurahan-jagir",
        "region_name": "Jagir"
      },
      "geometry": {
        "type": "Point",
        "coordinates": [
          112.7385128,
          -7.3096549
        ]
      }
    },
    {
      "type": "Feature",
      "id": "way/446537097",
      "properties": {
        "id": "way/446537097",
        "name": "National Hospital",
        "kind": "hospital",
        "address": "Jalan Lingkar Dalam Barat 1",
        "phone": "+62312975777",
        "operator": null,
        "beds": null,
        "source": "osm",
        "osm_id": "way/446537097",
        "region_id": "kelurahan-babatan",
        "region_name": "Babatan"
      },
      "geometry": {
        "type": "Point",
        "coordinates": [
          112.676384,
          -7.2993423
        ]
      }
    },
    {
      "type": "Feature",
      "id": "way/446965896",
      "properties": {
        "id": "way/446965896",
        "name": "Puskesmas Pembantu Gebang Putih",
        "kind": "clinic",
        "address": null,
        "phone": null,
        "operator": null,
        "beds": null,
        "source": "osm",
        "osm_id": "way/446965896",
        "region_id": "kelurahan-gebangputih",
        "region_name": "Gebang Putih"
      },
      "geometry": {
        "type": "Point",
        "coordinates": [
          112.7854947,
          -7.2839025
        ]
      }
    },
    {
      "type": "Feature",
      "id": "way/447133120",
      "properties": {
        "id": "way/447133120",
        "name": "KLINIK SANTA MARIA TAK BERCELA",
        "kind": "clinic",
        "address": "Jalan Ngagel Jaya Indah II 2",
        "phone": "+62 31 5010638",
        "operator": "Paroki Santa Maria Tak Bercela",
        "beds": null,
        "source": "osm",
        "osm_id": "way/447133120",
        "region_id": "kelurahan-baratajaya",
        "region_name": "Baratajaya"
      },
      "geometry": {
        "type": "Point",
        "coordinates": [
          112.7608882,
          -7.2888754
        ]
      }
    },
    {
      "type": "Feature",
      "id": "way/447133212",
      "properties": {
        "id": "way/447133212",
        "name": "PT. K-24 Indonesia",
        "kind": "pharmacy",
        "address": null,
        "phone": null,
        "operator": null,
        "beds": null,
        "source": "osm",
        "osm_id": "way/447133212",
        "region_id": "kelurahan-baratajaya",
        "region_name": "Baratajaya"
      },
      "geometry": {
        "type": "Point",
        "coordinates": [
          112.7622276,
          -7.2891373
        ]
      }
    },
    {
      "type": "Feature",
      "id": "way/447334127",
      "properties": {
        "id": "way/447334127",
        "name": "Puskesmas Keputih",
        "kind": "clinic",
        "address": null,
        "phone": null,
        "operator": null,
        "beds": null,
        "source": "osm",
        "osm_id": "way/447334127",
        "region_id": "kelurahan-keputih",
        "region_name": "Keputih"
      },
      "geometry": {
        "type": "Point",
        "coordinates": [
          112.8018785,
          -7.294027
        ]
      }
    },
    {
      "type": "Feature",
      "id": "way/447352159",
      "properties": {
        "id": "way/447352159",
        "name": "Puskesmas Menur",
        "kind": "clinic",
        "address": null,
        "phone": null,
        "operator": null,
        "beds": null,
        "source": "osm",
        "osm_id": "way/447352159",
        "region_id": "kelurahan-menurpumpungan",
        "region_name": "Menur Pumpungan"
      },
      "geometry": {
        "type": "Point",
        "coordinates": [
          112.764347,
          -7.2968727
        ]
      }
    },
    {
      "type": "Feature",
      "id": "way/447609697",
      "properties": {
        "id": "way/447609697",
        "name": "RS DKT Gubeng Pojok",
        "kind": "hospital",
        "address": null,
        "phone": null,
        "operator": null,
        "beds": null,
        "source": "osm",
        "osm_id": "way/447609697",
        "region_id": "kelurahan-pacarkeling",
        "region_name": "Pacar Keling"
      },
      "geometry": {
        "type": "Point",
        "coordinates": [
          112.7516509,
          -7.2651863
        ]
      }
    },
    {
      "type": "Feature",
      "id": "way/447610406",
      "properties": {
        "id": "way/447610406",
        "name": "Rumah Sakit Adi Husada Kapasan",
        "kind": "hospital",
        "address": null,
        "phone": null,
        "operator": null,
        "beds": null,
        "source": "osm",
        "osm_id": "way/447610406",
        "region_id": "kelurahan-kapasan",
        "region_name": "Kapasan"
      },
      "geometry": {
        "type": "Point",
        "coordinates": [
          112.7519019,
          -7.2426787
        ]
      }
    },
    {
      "type": "Feature",
      "id": "way/447610413",
      "properties": {
        "id": "way/447610413",
        "name": "Apotek Djati",
        "kind": "pharmacy",
        "address": null,
        "phone": null,
        "operator": null,
        "beds": null,
        "source": "osm",
        "osm_id": "way/447610413",
        "region_id": "kelurahan-kapasan",
        "region_name": "Kapasan"
      },
      "geometry": {
        "type": "Point",
        "coordinates": [
          112.7519493,
          -7.2439837
        ]
      }
    },
    {
      "type": "Feature",
      "id": "way/447615916",
      "properties": {
        "id": "way/447615916",
        "name": "Rumah Sakit Surabaya Medical Center",
        "kind": "hospital",
        "address": null,
        "phone": null,
        "operator": null,
        "beds": null,
        "source": "osm",
        "osm_id": "way/447615916",
        "region_id": "kelurahan-keputran",
        "region_name": "Keputran"
      },
      "geometry": {
        "type": "Point",
        "coordinates": [
          112.741385,
          -7.2889539
        ]
      }
    },
    {
      "type": "Feature",
      "id": "way/447624443",
      "properties": {
        "id": "way/447624443",
        "name": "Yayasan Kesehatan Gotong Royong",
        "kind": "clinic",
        "address": null,
        "phone": null,
        "operator": null,
        "beds": null,
        "source": "osm",
        "osm_id": "way/447624443",
        "region_id": "kelurahan-menurpumpungan",
        "region_name": "Menur Pumpungan"
      },
      "geometry": {
        "type": "Point",
        "coordinates": [
          112.7647208,
          -7.2922008
        ]
      }
    },
    {
      "type": "Feature",
      "id": "way/447625654",
      "properties": {
        "id": "way/447625654",
        "name": "Klinik Putra Mulya",
        "kind": "clinic",
        "address": null,
        "phone": null,
        "operator": null,
        "beds": null,
        "source": "osm",
        "osm_id": "way/447625654",
        "region_id": "kelurahan-ketabang",
        "region_name": "Ketabang"
      },
      "geometry": {
        "type": "Point",
        "coordinates": [
          112.7517882,
          -7.259271
        ]
      }
    },
    {
      "type": "Feature",
      "id": "way/447634957",
      "properties": {
        "id": "way/447634957",
        "name": "Klinik Waridho Walidain",
        "kind": "clinic",
        "address": null,
        "phone": null,
        "operator": null,
        "beds": null,
        "source": "osm",
        "osm_id": "way/447634957",
        "region_id": "kelurahan-kapasari",
        "region_name": "Kapasari"
      },
      "geometry": {
        "type": "Point",
        "coordinates": [
          112.7513052,
          -7.2491194
        ]
      }
    },
    {
      "type": "Feature",
      "id": "way/447644654",
      "properties": {
        "id": "way/447644654",
        "name": "Puskesmas Pembantu Kedung Cowek",
        "kind": "clinic",
        "address": null,
        "phone": null,
        "operator": null,
        "beds": null,
        "source": "osm",
        "osm_id": "way/447644654",
        "region_id": "kelurahan-kedungcowek",
        "region_name": "Kedung Cowek"
      },
      "geometry": {
        "type": "Point",
        "coordinates": [
          112.7871822,
          -7.2239311
        ]
      }
    },
    {
      "type": "Feature",
      "id": "way/448067612",
      "properties": {
        "id": "way/448067612",
        "name": "Puskesmas Kedungdoro",
        "kind": "clinic",
        "address": null,
        "phone": null,
        "operator": null,
        "beds": null,
        "source": "osm",
        "osm_id": "way/448067612",
        "region_id": "kelurahan-kedungdoro",
        "region_name": "Kedungdoro"
      },
      "geometry": {
        "type": "Point",
        "coordinates": [
          112.7382415,
          -7.2637016
        ]
      }
    },
    {
      "type": "Feature",
      "id": "way/448068865",
      "properties": {
        "id": "way/448068865",
        "name": "Poliklinik Utama UNTAG Surabaya",
        "kind": "clinic",
        "address": null,
        "phone": null,
        "operator": null,
        "beds": null,
        "source": "osm",
        "osm_id": "way/448068865",
        "region_id": "kelurahan-menurpumpungan",
        "region_name": "Menur Pumpungan"
      },
      "geometry": {
        "type": "Point",
        "coordinates": [
          112.7668296,
          -7.2994662
        ]
      }
    },
    {
      "type": "Feature",
      "id": "way/448068924",
      "properties": {
        "id": "way/448068924",
        "name": "PMI Gerai Unit Donor Darah",
        "kind": "clinic",
        "address": null,
        "phone": null,
        "operator": null,
        "beds": null,
        "source": "osm",
        "osm_id": "way/448068924",
        "region_id": "kelurahan-menurpumpungan",
        "region_name": "Menur Pumpungan"
      },
      "geometry": {
        "type": "Point",
        "coordinates": [
          112.7670062,
          -7.2994651
        ]
      }
    },
    {
      "type": "Feature",
      "id": "way/448071243",
      "properties": {
        "id": "way/448071243",
        "name": "Poliklinik PMI",
        "kind": "clinic",
        "address": null,
        "phone": null,
        "operator": null,
        "beds": null,
        "source": "osm",
        "osm_id": "way/448071243",
        "region_id": "kelurahan-tambaksari",
        "region_name": "Tambaksari"
      },
      "geometry": {
        "type": "Point",
        "coordinates": [
          112.7548298,
          -7.2526888
        ]
      }
    },
    {
      "type": "Feature",
      "id": "way/448078357",
      "properties": {
        "id": "way/448078357",
        "name": "Klinik Bersama",
        "kind": "clinic",
        "address": null,
        "phone": null,
        "operator": null,
        "beds": null,
        "source": "osm",
        "osm_id": "way/448078357",
        "region_id": "kelurahan-tambaksari",
        "region_name": "Tambaksari"
      },
      "geometry": {
        "type": "Point",
        "coordinates": [
          112.7580285,
          -7.2525209
        ]
      }
    },
    {
      "type": "Feature",
      "id": "way/448092882",
      "properties": {
        "id": "way/448092882",
        "name": "Esther House Of Beauty",
        "kind": "clinic",
        "address": null,
        "phone": null,
        "operator": null,
        "beds": null,
        "source": "osm",
        "osm_id": "way/448092882",
        "region_id": "kelurahan-drsutomo",
        "region_name": "Dr. Sutomo"
      },
      "geometry": {
        "type": "Point",
        "coordinates": [
          112.7387603,
          -7.2801984
        ]
      }
    },
    {
      "type": "Feature",
      "id": "way/448098012",
      "properties": {
        "id": "way/448098012",
        "name": "Klinik Satelit RS Islam Surabaya",
        "kind": "clinic",
        "address": null,
        "phone": null,
        "operator": null,
        "beds": null,
        "source": "osm",
        "osm_id": "way/448098012",
        "region_id": "kelurahan-pacarkembang",
        "region_name": "Pacar Kembang"
      },
      "geometry": {
        "type": "Point",
        "coordinates": [
          112.7619086,
          -7.2624178
        ]
      }
    },
    {
      "type": "Feature",
      "id": "way/448107876",
      "properties": {
        "id": "way/448107876",
        "name": "RS Mata Undaan",
        "kind": "hospital",
        "address": null,
        "phone": null,
        "operator": null,
        "beds": null,
        "source": "osm",
        "osm_id": "way/448107876",
        "region_id": "kelurahan-peneleh",
        "region_name": "Peneleh"
      },
      "geometry": {
        "type": "Point",
        "coordinates": [
          112.7434557,
          -7.254337
        ]
      }
    },
    {
      "type": "Feature",
      "id": "way/448112158",
      "properties": {
        "id": "way/448112158",
        "name": "RS Ibu dan Anak Putri",
        "kind": "hospital",
        "address": null,
        "phone": null,
        "operator": null,
        "beds": null,
        "source": "osm",
        "osm_id": "way/448112158",
        "region_id": "kelurahan-keputih",
        "region_name": "Keputih"
      },
      "geometry": {
        "type": "Point",
        "coordinates": [
          112.7826956,
          -7.290849
        ]
      }
    },
    {
      "type": "Feature",
      "id": "way/448112707",
      "properties": {
        "id": "way/448112707",
        "name": "Puskesmas Kalijudan",
        "kind": "clinic",
        "address": null,
        "phone": null,
        "operator": null,
        "beds": null,
        "source": "osm",
        "osm_id": "way/448112707",
        "region_id": "kelurahan-kalijudan",
        "region_name": "Kalijudan"
      },
      "geometry": {
        "type": "Point",
        "coordinates": [
          112.7780142,
          -7.2573961
        ]
      }
    },
    {
      "type": "Feature",
      "id": "way/448113249",
      "properties": {
        "id": "way/448113249",
        "name": "Klinik Dokter Spesialis",
        "kind": "clinic",
        "address": null,
        "phone": null,
        "operator": null,
        "beds": null,
        "source": "osm",
        "osm_id": "way/448113249",
        "region_id": "kelurahan-rangkah",
        "region_name": "Rangkah"
      },
      "geometry": {
        "type": "Point",
        "coordinates": [
          112.7610313,
          -7.2491872
        ]
      }
    },
    {
      "type": "Feature",
      "id": "way/448114210",
      "properties": {
        "id": "way/448114210",
        "name": "RS Manyar Medical Centre",
        "kind": "hospital",
        "address": "Jl. Raya Manyar No.9",
        "phone": null,
        "operator": null,
        "beds": null,
        "source": "osm",
        "osm_id": "way/448114210",
        "region_id": "kelurahan-menurpumpungan",
        "region_name": "Menur Pumpungan"
      },
      "geometry": {
        "type": "Point",
        "coordinates": [
          112.7635634,
          -7.2899849
        ]
      }
    },
    {
      "type": "Feature",
      "id": "way/448114218",
      "properties": {
        "id": "way/448114218",
        "name": "Poliklinik STIESIA umum dan gigi",
        "kind": "clinic",
        "address": null,
        "phone": null,
        "operator": null,
        "beds": null,
        "source": "osm",
        "osm_id": "way/448114218",
        "region_id": "kelurahan-menurpumpungan",
        "region_name": "Menur Pumpungan"
      },
      "geometry": {
        "type": "Point",
        "coordinates": [
          112.76631,
          -7.2892905
        ]
      }
    },
    {
      "type": "Feature",
      "id": "way/448114499",
      "properties": {
        "id": "way/448114499",
        "name": "Posyandu Kemuning IX",
        "kind": "clinic",
        "address": null,
        "phone": null,
        "operator": null,
        "beds": null,
        "source": "osm",
        "osm_id": "way/448114499",
        "region_id": "kelurahan-pacarkeling",
        "region_name": "Pacar Keling"
      },
      "geometry": {
        "type": "Point",
        "coordinates": [
          112.7574592,
          -7.2564985
        ]
      }
    },
    {
      "type": "Feature",
      "id": "way/448114559",
      "properties": {
        "id": "way/448114559",
        "name": "Praktek Dokter Umum",
        "kind": "clinic",
        "address": null,
        "phone": null,
        "operator": null,
        "beds": null,
        "source": "osm",
        "osm_id": "way/448114559",
        "region_id": "kelurahan-pacarkeling",
        "region_name": "Pacar Keling"
      },
      "geometry": {
        "type": "Point",
        "coordinates": [
          112.7562372,
          -7.2588398
        ]
      }
    },
    {
      "type": "Feature",
      "id": "way/448116483",
      "properties": {
        "id": "way/448116483",
        "name": "Puskesmas Klampis Ngasem",
        "kind": "clinic",
        "address": null,
        "phone": null,
        "operator": null,
        "beds": null,
        "source": "osm",
        "osm_id": "way/448116483",
        "region_id": "kelurahan-klampisngasem",
        "region_name": "Klampis Ngasem"
      },
      "geometry": {
        "type": "Point",
        "coordinates": [
          112.7784899,
          -7.2891562
        ]
      }
    },
    {
      "type": "Feature",
      "id": "way/448232177",
      "properties": {
        "id": "way/448232177",
        "name": "Puskesmas Rangkah",
        "kind": "clinic",
        "address": null,
        "phone": null,
        "operator": null,
        "beds": null,
        "source": "osm",
        "osm_id": "way/448232177",
        "region_id": "kelurahan-rangkah",
        "region_name": "Rangkah"
      },
      "geometry": {
        "type": "Point",
        "coordinates": [
          112.7672265,
          -7.2463081
        ]
      }
    },
    {
      "type": "Feature",
      "id": "way/448239806",
      "properties": {
        "id": "way/448239806",
        "name": "Posyandu Elang RW 06",
        "kind": "clinic",
        "address": null,
        "phone": null,
        "operator": null,
        "beds": null,
        "source": "osm",
        "osm_id": "way/448239806",
        "region_id": "kelurahan-sukolilobaru",
        "region_name": "Sukolilo Baru"
      },
      "geometry": {
        "type": "Point",
        "coordinates": [
          112.7935673,
          -7.2513248
        ]
      }
    },
    {
      "type": "Feature",
      "id": "way/448245727",
      "properties": {
        "id": "way/448245727",
        "name": "Bidan Ny Harini Lestari",
        "kind": "clinic",
        "address": null,
        "phone": null,
        "operator": null,
        "beds": null,
        "source": "osm",
        "osm_id": "way/448245727",
        "region_id": "kelurahan-tambakrejo",
        "region_name": "Tambakrejo"
      },
      "geometry": {
        "type": "Point",
        "coordinates": [
          112.753717,
          -7.2482975
        ]
      }
    },
    {
      "type": "Feature",
      "id": "way/448246572",
      "properties": {
        "id": "way/448246572",
        "name": "Posyandu Bahari RW 5",
        "kind": "clinic",
        "address": null,
        "phone": null,
        "operator": null,
        "beds": null,
        "source": "osm",
        "osm_id": "way/448246572",
        "region_id": "kelurahan-medokansemampir",
        "region_name": "Medokan Semampir"
      },
      "geometry": {
        "type": "Point",
        "coordinates": [
          112.791325,
          -7.3032731
        ]
      }
    },
    {
      "type": "Feature",
      "id": "way/448252098",
      "properties": {
        "id": "way/448252098",
        "name": "Puskesmas Tambak Rejo",
        "kind": "clinic",
        "address": null,
        "phone": null,
        "operator": null,
        "beds": null,
        "source": "osm",
        "osm_id": "way/448252098",
        "region_id": "kelurahan-tambakrejo",
        "region_name": "Tambakrejo"
      },
      "geometry": {
        "type": "Point",
        "coordinates": [
          112.7555541,
          -7.2484607
        ]
      }
    },
    {
      "type": "Feature",
      "id": "way/448264192",
      "properties": {
        "id": "way/448264192",
        "name": "Posyandu Lansia Mandiri",
        "kind": "clinic",
        "address": null,
        "phone": null,
        "operator": null,
        "beds": null,
        "source": "osm",
        "osm_id": "way/448264192",
        "region_id": "kelurahan-simokerto",
        "region_name": "Simokerto"
      },
      "geometry": {
        "type": "Point",
        "coordinates": [
          112.759633,
          -7.2401803
        ]
      }
    },
    {
      "type": "Feature",
      "id": "way/448270057",
      "properties": {
        "id": "way/448270057",
        "name": "Puskesmas Pembantu Semolowaru",
        "kind": "clinic",
        "address": null,
        "phone": null,
        "operator": null,
        "beds": null,
        "source": "osm",
        "osm_id": "way/448270057",
        "region_id": "kelurahan-semolowaru",
        "region_name": "Semolowaru"
      },
      "geometry": {
        "type": "Point",
        "coordinates": [
          112.7794722,
          -7.3013829
        ]
      }
    },
    {
      "type": "Feature",
      "id": "way/448275217",
      "properties": {
        "id": "way/448275217",
        "name": "Klinik Mata Dr. Sjamsu",
        "kind": "clinic",
        "address": null,
        "phone": null,
        "operator": null,
        "beds": null,
        "source": "osm",
        "osm_id": "way/448275217",
        "region_id": "kelurahan-klampisngasem",
        "region_name": "Klampis Ngasem"
      },
      "geometry": {
        "type": "Point",
        "coordinates": [
          112.7772709,
          -7.2901029
        ]
      }
    },
    {
      "type": "Feature",
      "id": "way/448294353",
      "properties": {
        "id": "way/448294353",
        "name": "Puskesmas Kenjeran",
        "kind": "clinic",
        "address": null,
        "phone": null,
        "operator": null,
        "beds": null,
        "source": "osm",
        "osm_id": "way/448294353",
        "region_id": "kelurahan-kenjeran",
        "region_name": "Kenjeran"
      },
      "geometry": {
        "type": "Point",
        "coordinates": [
          112.7952791,
          -7.2411108
        ]
      }
    },
    {
      "type": "Feature",
      "id": "way/448441994",
      "properties": {
        "id": "way/448441994",
        "name": "Klinik Pusura",
        "kind": "clinic",
        "address": null,
        "phone": null,
        "operator": null,
        "beds": null,
        "source": "osm",
        "osm_id": "way/448441994",
        "region_id": "kelurahan-embongkaliasin",
        "region_name": "Embong Kaliasin"
      },
      "geometry": {
        "type": "Point",
        "coordinates": [
          112.7464849,
          -7.2625376
        ]
      }
    },
    {
      "type": "Feature",
      "id": "way/448444650",
      "properties": {
        "id": "way/448444650",
        "name": "Apotek Bunda",
        "kind": "pharmacy",
        "address": "Jalan Karang Empat Besar",
        "phone": null,
        "operator": null,
        "beds": null,
        "source": "osm",
        "osm_id": "way/448444650",
        "region_id": "kelurahan-ploso",
        "region_name": "Ploso"
      },
      "geometry": {
        "type": "Point",
        "coordinates": [
          112.772013,
          -7.2515217
        ]
      }
    },
    {
      "type": "Feature",
      "id": "way/448450445",
      "properties": {
        "id": "way/448450445",
        "name": "Puskesmas Pembantu Karang Empat",
        "kind": "clinic",
        "address": null,
        "phone": null,
        "operator": null,
        "beds": null,
        "source": "osm",
        "osm_id": "way/448450445",
        "region_id": "kelurahan-ploso",
        "region_name": "Ploso"
      },
      "geometry": {
        "type": "Point",
        "coordinates": [
          112.7707782,
          -7.2512979
        ]
      }
    },
    {
      "type": "Feature",
      "id": "way/448473676",
      "properties": {
        "id": "way/448473676",
        "name": "Klinik Alba Medika",
        "kind": "clinic",
        "address": null,
        "phone": null,
        "operator": null,
        "beds": null,
        "source": "osm",
        "osm_id": "way/448473676",
        "region_id": "kelurahan-ploso",
        "region_name": "Ploso"
      },
      "geometry": {
        "type": "Point",
        "coordinates": [
          112.7698486,
          -7.2562632
        ]
      }
    },
    {
      "type": "Feature",
      "id": "way/448475017",
      "properties": {
        "id": "way/448475017",
        "name": "Puskesmas",
        "kind": "clinic",
        "address": null,
        "phone": null,
        "operator": null,
        "beds": null,
        "source": "osm",
        "osm_id": "way/448475017",
        "region_id": "kelurahan-rangkah",
        "region_name": "Rangkah"
      },
      "geometry": {
        "type": "Point",
        "coordinates": [
          112.7650498,
          -7.2491597
        ]
      }
    },
    {
      "type": "Feature",
      "id": "way/448477649",
      "properties": {
        "id": "way/448477649",
        "name": "Melania Aesthetic Dermatology Clinic",
        "kind": "clinic",
        "address": "Jl. RA Kartini No.108",
        "phone": null,
        "operator": null,
        "beds": null,
        "source": "osm",
        "osm_id": "way/448477649",
        "region_id": "kelurahan-drsutomo",
        "region_name": "Dr. Sutomo"
      },
      "geometry": {
        "type": "Point",
        "coordinates": [
          112.7321913,
          -7.2781339
        ]
      }
    },
    {
      "type": "Feature",
      "id": "way/448591841",
      "properties": {
        "id": "way/448591841",
        "name": "Puskesmas Gading",
        "kind": "clinic",
        "address": null,
        "phone": null,
        "operator": "Ministry of Health",
        "beds": null,
        "source": "osm",
        "osm_id": "way/448591841",
        "region_id": "kelurahan-kapasmadyabaru",
        "region_name": "Kapasmadya Baru"
      },
      "geometry": {
        "type": "Point",
        "coordinates": [
          112.7640344,
          -7.2424907
        ]
      }
    },
    {
      "type": "Feature",
      "id": "way/449166441",
      "properties": {
        "id": "way/449166441",
        "name": "Puskesmas Ketabang",
        "kind": "clinic",
        "address": null,
        "phone": null,
        "operator": null,
        "beds": null,
        "source": "osm",
        "osm_id": "way/449166441",
        "region_id": "kelurahan-ketabang",
        "region_name": "Ketabang"
      },
      "geometry": {
        "type": "Point",
        "coordinates": [
          112.746832,
          -7.2580579
        ]
      }
    },
    {
      "type": "Feature",
      "id": "way/449296667",
      "properties": {
        "id": "way/449296667",
        "name": "Klinik Adiguna",
        "kind": "clinic",
        "address": null,
        "phone": null,
        "operator": null,
        "beds": null,
        "source": "osm",
        "osm_id": "way/449296667",
        "region_id": "kelurahan-rangkah",
        "region_name": "Rangkah"
      },
      "geometry": {
        "type": "Point",
        "coordinates": [
          112.7649574,
          -7.2492473
        ]
      }
    },
    {
      "type": "Feature",
      "id": "way/449296668",
      "properties": {
        "id": "way/449296668",
        "name": "Klinik Bakti Sehat Utama",
        "kind": "clinic",
        "address": null,
        "phone": null,
        "operator": null,
        "beds": null,
        "source": "osm",
        "osm_id": "way/449296668",
        "region_id": "kelurahan-rangkah",
        "region_name": "Rangkah"
      },
      "geometry": {
        "type": "Point",
        "coordinates": [
          112.7636945,
          -7.2450111
        ]
      }
    },
    {
      "type": "Feature",
      "id": "way/449305760",
      "properties": {
        "id": "way/449305760",
        "name": "Klinik Bersama",
        "kind": "clinic",
        "address": null,
        "phone": null,
        "operator": null,
        "beds": null,
        "source": "osm",
        "osm_id": "way/449305760",
        "region_id": "kelurahan-tambakrejo",
        "region_name": "Tambakrejo"
      },
      "geometry": {
        "type": "Point",
        "coordinates": [
          112.759089,
          -7.2445606
        ]
      }
    },
    {
      "type": "Feature",
      "id": "way/449308789",
      "properties": {
        "id": "way/449308789",
        "name": "Klinik dr. Samuel Abednego",
        "kind": "clinic",
        "address": null,
        "phone": null,
        "operator": null,
        "beds": null,
        "source": "osm",
        "osm_id": "way/449308789",
        "region_id": "kelurahan-tambakrejo",
        "region_name": "Tambakrejo"
      },
      "geometry": {
        "type": "Point",
        "coordinates": [
          112.7592683,
          -7.2470572
        ]
      }
    },
    {
      "type": "Feature",
      "id": "way/449327860",
      "properties": {
        "id": "way/449327860",
        "name": "Grha Prodia",
        "kind": "clinic",
        "address": null,
        "phone": null,
        "operator": null,
        "beds": null,
        "source": "osm",
        "osm_id": "way/449327860",
        "region_id": "kelurahan-darmo",
        "region_name": "Darmo"
      },
      "geometry": {
        "type": "Point",
        "coordinates": [
          112.7323819,
          -7.2834074
        ]
      }
    },
    {
      "type": "Feature",
      "id": "way/449328955",
      "properties": {
        "id": "way/449328955",
        "name": "Klinik Modern Dasa Medika",
        "kind": "clinic",
        "address": null,
        "phone": null,
        "operator": null,
        "beds": null,
        "source": "osm",
        "osm_id": "way/449328955",
        "region_id": "kelurahan-darmo",
        "region_name": "Darmo"
      },
      "geometry": {
        "type": "Point",
        "coordinates": [
          112.73194,
          -7.2827291
        ]
      }
    },
    {
      "type": "Feature",
      "id": "way/449476756",
      "properties": {
        "id": "way/449476756",
        "name": "Puskesmas Mulyorejo",
        "kind": "clinic",
        "address": null,
        "phone": null,
        "operator": null,
        "beds": null,
        "source": "osm",
        "osm_id": "way/449476756",
        "region_id": "kelurahan-mulyorejo",
        "region_name": "Mulyorejo"
      },
      "geometry": {
        "type": "Point",
        "coordinates": [
          112.784748,
          -7.2607225
        ]
      }
    },
    {
      "type": "Feature",
      "id": "way/449518151",
      "properties": {
        "id": "way/449518151",
        "name": "Klinik Wisma Husada",
        "kind": "clinic",
        "address": null,
        "phone": null,
        "operator": null,
        "beds": null,
        "source": "osm",
        "osm_id": "way/449518151",
        "region_id": "kelurahan-gading",
        "region_name": "Gading"
      },
      "geometry": {
        "type": "Point",
        "coordinates": [
          112.7753521,
          -7.2399974
        ]
      }
    },
    {
      "type": "Feature",
      "id": "way/449621808",
      "properties": {
        "id": "way/449621808",
        "name": "Rumah Sakit Adi Husada Undaan Wetan",
        "kind": "hospital",
        "address": "Jalan Undaan Wetan, Ketabang, Kecamatan Genteng No. 40-44",
        "phone": "+62 31-5318000",
        "operator": null,
        "beds": null,
        "source": "osm",
        "osm_id": "way/449621808",
        "region_id": "kelurahan-ketabang",
        "region_name": "Ketabang"
      },
      "geometry": {
        "type": "Point",
        "coordinates": [
          112.7458467,
          -7.2514797
        ]
      }
    },
    {
      "type": "Feature",
      "id": "way/449624579",
      "properties": {
        "id": "way/449624579",
        "name": "Klinik Aisyiyah",
        "kind": "clinic",
        "address": null,
        "phone": null,
        "operator": null,
        "beds": null,
        "source": "osm",
        "osm_id": "way/449624579",
        "region_id": "kelurahan-pacarkeling",
        "region_name": "Pacar Keling"
      },
      "geometry": {
        "type": "Point",
        "coordinates": [
          112.7566847,
          -7.2591028
        ]
      }
    },
    {
      "type": "Feature",
      "id": "way/449624580",
      "properties": {
        "id": "way/449624580",
        "name": "Klinik Umum dan Gigi",
        "kind": "clinic",
        "address": null,
        "phone": null,
        "operator": null,
        "beds": null,
        "source": "osm",
        "osm_id": "way/449624580",
        "region_id": "kelurahan-pacarkeling",
        "region_name": "Pacar Keling"
      },
      "geometry": {
        "type": "Point",
        "coordinates": [
          112.7538987,
          -7.2607977
        ]
      }
    },
    {
      "type": "Feature",
      "id": "way/449624588",
      "properties": {
        "id": "way/449624588",
        "name": "Puskesmas Pacar Keling",
        "kind": "clinic",
        "address": null,
        "phone": null,
        "operator": null,
        "beds": null,
        "source": "osm",
        "osm_id": "way/449624588",
        "region_id": "kelurahan-pacarkeling",
        "region_name": "Pacar Keling"
      },
      "geometry": {
        "type": "Point",
        "coordinates": [
          112.7626845,
          -7.2571603
        ]
      }
    },
    {
      "type": "Feature",
      "id": "way/449624602",
      "properties": {
        "id": "way/449624602",
        "name": "Rumah Sakit Spesialis Husada Utama",
        "kind": "hospital",
        "address": "Jalan Prof. Dr. Moestopo No. 31-35",
        "phone": "+62 31-5017975",
        "operator": null,
        "beds": null,
        "source": "osm",
        "osm_id": "way/449624602",
        "region_id": "kelurahan-pacarkeling",
        "region_name": "Pacar Keling"
      },
      "geometry": {
        "type": "Point",
        "coordinates": [
          112.7561908,
          -7.2648315
        ]
      }
    },
    {
      "type": "Feature",
      "id": "way/449647030",
      "properties": {
        "id": "way/449647030",
        "name": "Puskesmas Pembantu Baratajaya",
        "kind": "clinic",
        "address": null,
        "phone": null,
        "operator": null,
        "beds": null,
        "source": "osm",
        "osm_id": "way/449647030",
        "region_id": "kelurahan-baratajaya",
        "region_name": "Baratajaya"
      },
      "geometry": {
        "type": "Point",
        "coordinates": [
          112.7592737,
          -7.294719
        ]
      }
    },
    {
      "type": "Feature",
      "id": "way/449648357",
      "properties": {
        "id": "way/449648357",
        "name": "Puskesmas Pucang Sewu",
        "kind": "clinic",
        "address": null,
        "phone": null,
        "operator": null,
        "beds": null,
        "source": "osm",
        "osm_id": "way/449648357",
        "region_id": "kelurahan-pucangsewu",
        "region_name": "Pucang Sewu"
      },
      "geometry": {
        "type": "Point",
        "coordinates": [
          112.7555043,
          -7.2866348
        ]
      }
    },
    {
      "type": "Feature",
      "id": "way/449649417",
      "properties": {
        "id": "way/449649417",
        "name": "Klinik Utama Welas Asih Medika",
        "kind": "clinic",
        "address": null,
        "phone": null,
        "operator": null,
        "beds": null,
        "source": "osm",
        "osm_id": "way/449649417",
        "region_id": "kelurahan-pucangsewu",
        "region_name": "Pucang Sewu"
      },
      "geometry": {
        "type": "Point",
        "coordinates": [
          112.7518751,
          -7.2910067
        ]
      }
    },
    {
      "type": "Feature",
      "id": "way/449813809",
      "properties": {
        "id": "way/449813809",
        "name": "Posyandu Gading Putih 3",
        "kind": "clinic",
        "address": null,
        "phone": null,
        "operator": null,
        "beds": null,
        "source": "osm",
        "osm_id": "way/449813809",
        "region_id": "kelurahan-simolawang",
        "region_name": "Simolawang"
      },
      "geometry": {
        "type": "Point",
        "coordinates": [
          112.7508445,
          -7.2331689
        ]
      }
    },
    {
      "type": "Feature",
      "id": "way/449818017",
      "properties": {
        "id": "way/449818017",
        "name": "Puskesmas Simolawang",
        "kind": "clinic",
        "address": null,
        "phone": null,
        "operator": null,
        "beds": null,
        "source": "osm",
        "osm_id": "way/449818017",
        "region_id": "kelurahan-simolawang",
        "region_name": "Simolawang"
      },
      "geometry": {
        "type": "Point",
        "coordinates": [
          112.7510499,
          -7.2348687
        ]
      }
    },
    {
      "type": "Feature",
      "id": "way/449832258",
      "properties": {
        "id": "way/449832258",
        "name": "Klinik Indosehat 2003",
        "kind": "clinic",
        "address": null,
        "phone": null,
        "operator": null,
        "beds": null,
        "source": "osm",
        "osm_id": "way/449832258",
        "region_id": "kelurahan-sidotopo",
        "region_name": "Sidotopo"
      },
      "geometry": {
        "type": "Point",
        "coordinates": [
          112.7466825,
          -7.2267667
        ]
      }
    },
    {
      "type": "Feature",
      "id": "way/449903849",
      "properties": {
        "id": "way/449903849",
        "name": "Rumah Sakit Pura Raharja",
        "kind": "hospital",
        "address": "JL. Pucang Adi No. 12-14",
        "phone": null,
        "operator": null,
        "beds": null,
        "source": "osm",
        "osm_id": "way/449903849",
        "region_id": "kelurahan-kertajaya",
        "region_name": "Kertajaya"
      },
      "geometry": {
        "type": "Point",
        "coordinates": [
          112.7528757,
          -7.283108
        ]
      }
    },
    {
      "type": "Feature",
      "id": "way/450513383",
      "properties": {
        "id": "way/450513383",
        "name": "Siloam Hospitals",
        "kind": "hospital",
        "address": "Jalan Raya Gubeng, Kelurahan Gubeng, Kecamatan Gubeng No. 7",
        "phone": "+62 31-5031333",
        "operator": null,
        "beds": null,
        "source": "osm",
        "osm_id": "way/450513383",
        "region_id": "kelurahan-gubeng",
        "region_name": "Gubeng"
      },
      "geometry": {
        "type": "Point",
        "coordinates": [
          112.7463992,
          -7.2740186
        ]
      }
    },
    {
      "type": "Feature",
      "id": "way/450535884",
      "properties": {
        "id": "way/450535884",
        "name": "Poliklinik Brimob Jatim",
        "kind": "clinic",
        "address": null,
        "phone": null,
        "operator": null,
        "beds": null,
        "source": "osm",
        "osm_id": "way/450535884",
        "region_id": "kelurahan-ngidenjangkungan",
        "region_name": "Ngiden Jangkungan"
      },
      "geometry": {
        "type": "Point",
        "coordinates": [
          112.7697265,
          -7.3019181
        ]
      }
    },
    {
      "type": "Feature",
      "id": "way/450537851",
      "properties": {
        "id": "way/450537851",
        "name": "Pos Kesehatan Kelurahan Simolawang",
        "kind": "clinic",
        "address": null,
        "phone": null,
        "operator": null,
        "beds": null,
        "source": "osm",
        "osm_id": "way/450537851",
        "region_id": "kelurahan-simolawang",
        "region_name": "Simolawang"
      },
      "geometry": {
        "type": "Point",
        "coordinates": [
          112.7493507,
          -7.2328749
        ]
      }
    },
    {
      "type": "Feature",
      "id": "way/450538654",
      "properties": {
        "id": "way/450538654",
        "name": "Puskesmas Sidotopo",
        "kind": "clinic",
        "address": null,
        "phone": null,
        "operator": null,
        "beds": null,
        "source": "osm",
        "osm_id": "way/450538654",
        "region_id": "kelurahan-simolawang",
        "region_name": "Simolawang"
      },
      "geometry": {
        "type": "Point",
        "coordinates": [
          112.7459021,
          -7.2303464
        ]
      }
    },
    {
      "type": "Feature",
      "id": "way/450540438",
      "properties": {
        "id": "way/450540438",
        "name": "Puskesmas Pembantu Pegirian",
        "kind": "clinic",
        "address": null,
        "phone": null,
        "operator": null,
        "beds": null,
        "source": "osm",
        "osm_id": "way/450540438",
        "region_id": "kelurahan-pegirian",
        "region_name": "Pegirian"
      },
      "geometry": {
        "type": "Point",
        "coordinates": [
          112.7548303,
          -7.2260303
        ]
      }
    },
    {
      "type": "Feature",
      "id": "way/450694876",
      "properties": {
        "id": "way/450694876",
        "name": "Rumah Sakit Mata Undaan",
        "kind": "hospital",
        "address": null,
        "phone": null,
        "operator": null,
        "beds": null,
        "source": "osm",
        "osm_id": "way/450694876",
        "region_id": "kelurahan-peneleh",
        "region_name": "Peneleh"
      },
      "geometry": {
        "type": "Point",
        "coordinates": [
          112.743466,
          -7.2540403
        ]
      }
    },
    {
      "type": "Feature",
      "id": "way/450698654",
      "properties": {
        "id": "way/450698654",
        "name": "Puskesmas Pembantu Dukuh Sutorejo",
        "kind": "clinic",
        "address": null,
        "phone": null,
        "operator": null,
        "beds": null,
        "source": "osm",
        "osm_id": "way/450698654",
        "region_id": "kelurahan-dukuhsutorejo",
        "region_name": "Dukuh Sutorejo"
      },
      "geometry": {
        "type": "Point",
        "coordinates": [
          112.7915467,
          -7.2592221
        ]
      }
    },
    {
      "type": "Feature",
      "id": "way/450713015",
      "properties": {
        "id": "way/450713015",
        "name": "Posyandu Kasih Ibu",
        "kind": "clinic",
        "address": null,
        "phone": null,
        "operator": null,
        "beds": null,
        "source": "osm",
        "osm_id": "way/450713015",
        "region_id": "kelurahan-semolowaru",
        "region_name": "Semolowaru"
      },
      "geometry": {
        "type": "Point",
        "coordinates": [
          112.7823332,
          -7.304768
        ]
      }
    },
    {
      "type": "Feature",
      "id": "way/450772003",
      "properties": {
        "id": "way/450772003",
        "name": "Posyandu Anggrek",
        "kind": "clinic",
        "address": null,
        "phone": null,
        "operator": null,
        "beds": null,
        "source": "osm",
        "osm_id": "way/450772003",
        "region_id": "kelurahan-kalijudan",
        "region_name": "Kalijudan"
      },
      "geometry": {
        "type": "Point",
        "coordinates": [
          112.787182,
          -7.2519469
        ]
      }
    },
    {
      "type": "Feature",
      "id": "way/450772004",
      "properties": {
        "id": "way/450772004",
        "name": "RSIA Kendangsari Merr",
        "kind": "hospital",
        "address": null,
        "phone": null,
        "operator": null,
        "beds": null,
        "source": "osm",
        "osm_id": "way/450772004",
        "region_id": "kelurahan-kalijudan",
        "region_name": "Kalijudan"
      },
      "geometry": {
        "type": "Point",
        "coordinates": [
          112.7836416,
          -7.250642
        ]
      }
    },
    {
      "type": "Feature",
      "id": "way/450914332",
      "properties": {
        "id": "way/450914332",
        "name": "Puskesmas Ngagel Rejo",
        "kind": "clinic",
        "address": null,
        "phone": null,
        "operator": null,
        "beds": null,
        "source": "osm",
        "osm_id": "way/450914332",
        "region_id": "kelurahan-ngagelrejo",
        "region_name": "Ngagelrejo"
      },
      "geometry": {
        "type": "Point",
        "coordinates": [
          112.7488359,
          -7.2929638
        ]
      }
    },
    {
      "type": "Feature",
      "id": "way/450924741",
      "properties": {
        "id": "way/450924741",
        "name": "Klinik Utama Mentari",
        "kind": "clinic",
        "address": null,
        "phone": null,
        "operator": null,
        "beds": null,
        "source": "osm",
        "osm_id": "way/450924741",
        "region_id": "kelurahan-bongkaran",
        "region_name": "Bongkaran"
      },
      "geometry": {
        "type": "Point",
        "coordinates": [
          112.7457903,
          -7.2421764
        ]
      }
    },
    {
      "type": "Feature",
      "id": "way/450927051",
      "properties": {
        "id": "way/450927051",
        "name": "RSUD Dr.M.Soewandhie",
        "kind": "hospital",
        "address": null,
        "phone": null,
        "operator": null,
        "beds": null,
        "source": "osm",
        "osm_id": "way/450927051",
        "region_id": "kelurahan-tambakrejo",
        "region_name": "Tambakrejo"
      },
      "geometry": {
        "type": "Point",
        "coordinates": [
          112.7579873,
          -7.2459712
        ]
      }
    },
    {
      "type": "Feature",
      "id": "way/450956834",
      "properties": {
        "id": "way/450956834",
        "name": "Puskesmas Krembangan Selatan",
        "kind": "clinic",
        "address": null,
        "phone": null,
        "operator": null,
        "beds": null,
        "source": "osm",
        "osm_id": "way/450956834",
        "region_id": "kelurahan-krembanganselatan",
        "region_name": "Krembangan Selatan"
      },
      "geometry": {
        "type": "Point",
        "coordinates": [
          112.7312338,
          -7.2330718
        ]
      }
    },
    {
      "type": "Feature",
      "id": "way/450958724",
      "properties": {
        "id": "way/450958724",
        "name": "Dokter Spesialis Kulit dan Kelamin",
        "kind": "clinic",
        "address": null,
        "phone": null,
        "operator": null,
        "beds": null,
        "source": "osm",
        "osm_id": "way/450958724",
        "region_id": "kelurahan-medokansemampir",
        "region_name": "Medokan Semampir"
      },
      "geometry": {
        "type": "Point",
        "coordinates": [
          112.7812212,
          -7.305913
        ]
      }
    },
    {
      "type": "Feature",
      "id": "way/450968413",
      "properties": {
        "id": "way/450968413",
        "name": "Rumah Sakit Gotong Royong",
        "kind": "hospital",
        "address": null,
        "phone": null,
        "operator": null,
        "beds": null,
        "source": "osm",
        "osm_id": "way/450968413",
        "region_id": "kelurahan-medokansemampir",
        "region_name": "Medokan Semampir"
      },
      "geometry": {
        "type": "Point",
        "coordinates": [
          112.7875308,
          -7.3075501
        ]
      }
    },
    {
      "type": "Feature",
      "id": "way/450968417",
      "properties": {
        "id": "way/450968417",
        "name": "Puskesmas Pembantu Medokan Semampir",
        "kind": "clinic",
        "address": null,
        "phone": null,
        "operator": null,
        "beds": null,
        "source": "osm",
        "osm_id": "way/450968417",
        "region_id": "kelurahan-medokansemampir",
        "region_name": "Medokan Semampir"
      },
      "geometry": {
        "type": "Point",
        "coordinates": [
          112.7945056,
          -7.3053225
        ]
      }
    },
    {
      "type": "Feature",
      "id": "way/450988751",
      "properties": {
        "id": "way/450988751",
        "name": "Klinik Estetika",
        "kind": "hospital",
        "address": null,
        "phone": null,
        "operator": null,
        "beds": null,
        "source": "osm",
        "osm_id": "way/450988751",
        "region_id": "kelurahan-jagir",
        "region_name": "Jagir"
      },
      "geometry": {
        "type": "Point",
        "coordinates": [
          112.7396657,
          -7.3085395
        ]
      }
    },
    {
      "type": "Feature",
      "id": "way/451090213",
      "properties": {
        "id": "way/451090213",
        "name": "Posyandu Dewi Sartika",
        "kind": "clinic",
        "address": null,
        "phone": null,
        "operator": null,
        "beds": null,
        "source": "osm",
        "osm_id": "way/451090213",
        "region_id": "kelurahan-sidotopo",
        "region_name": "Sidotopo"
      },
      "geometry": {
        "type": "Point",
        "coordinates": [
          112.7523034,
          -7.2310205
        ]
      }
    },
    {
      "type": "Feature",
      "id": "way/451271293",
      "properties": {
        "id": "way/451271293",
        "name": "Puskesmas Tanah Kali Kedinding",
        "kind": "clinic",
        "address": null,
        "phone": null,
        "operator": null,
        "beds": null,
        "source": "osm",
        "osm_id": "way/451271293",
        "region_id": "kelurahan-tanahkalikedinding",
        "region_name": "Tanah Kali Kedinding"
      },
      "geometry": {
        "type": "Point",
        "coordinates": [
          112.7745675,
          -7.2304023
        ]
      }
    },
    {
      "type": "Feature",
      "id": "way/451286578",
      "properties": {
        "id": "way/451286578",
        "name": "Puskesmas Dr. Soetomo",
        "kind": "clinic",
        "address": null,
        "phone": null,
        "operator": null,
        "beds": null,
        "source": "osm",
        "osm_id": "way/451286578",
        "region_id": "kelurahan-drsutomo",
        "region_name": "Dr. Sutomo"
      },
      "geometry": {
        "type": "Point",
        "coordinates": [
          112.7341031,
          -7.2773515
        ]
      }
    },
    {
      "type": "Feature",
      "id": "way/451293428",
      "properties": {
        "id": "way/451293428",
        "name": "Klinik Pratama Indosehat 2003",
        "kind": "clinic",
        "address": null,
        "phone": null,
        "operator": null,
        "beds": null,
        "source": "osm",
        "osm_id": "way/451293428",
        "region_id": "kelurahan-wonokusumo",
        "region_name": "Wonokusumo"
      },
      "geometry": {
        "type": "Point",
        "coordinates": [
          112.7505788,
          -7.2197386
        ]
      }
    },
    {
      "type": "Feature",
      "id": "way/451296786",
      "properties": {
        "id": "way/451296786",
        "name": "Puskesmas Wonokusumo",
        "kind": "clinic",
        "address": null,
        "phone": null,
        "operator": null,
        "beds": null,
        "source": "osm",
        "osm_id": "way/451296786",
        "region_id": "kelurahan-wonokusumo",
        "region_name": "Wonokusumo"
      },
      "geometry": {
        "type": "Point",
        "coordinates": [
          112.7525663,
          -7.2196179
        ]
      }
    },
    {
      "type": "Feature",
      "id": "way/451303182",
      "properties": {
        "id": "way/451303182",
        "name": "Puskesmas Pagesangan",
        "kind": "clinic",
        "address": null,
        "phone": null,
        "operator": null,
        "beds": null,
        "source": "osm",
        "osm_id": "way/451303182",
        "region_id": "kelurahan-pagesangan",
        "region_name": "Pagesangan"
      },
      "geometry": {
        "type": "Point",
        "coordinates": [
          112.710235,
          -7.3338362
        ]
      }
    },
    {
      "type": "Feature",
      "id": "way/451486454",
      "properties": {
        "id": "way/451486454",
        "name": "Puskesmas Peneleh",
        "kind": "clinic",
        "address": null,
        "phone": null,
        "operator": "Ministry of Health",
        "beds": null,
        "source": "osm",
        "osm_id": "way/451486454",
        "region_id": "kelurahan-peneleh",
        "region_name": "Peneleh"
      },
      "geometry": {
        "type": "Point",
        "coordinates": [
          112.740834,
          -7.2522939
        ]
      }
    },
    {
      "type": "Feature",
      "id": "way/451490133",
      "properties": {
        "id": "way/451490133",
        "name": "UPTD Puskesmas Sememi",
        "kind": "clinic",
        "address": null,
        "phone": null,
        "operator": null,
        "beds": null,
        "source": "osm",
        "osm_id": "way/451490133",
        "region_id": "kelurahan-sememi",
        "region_name": "Sememi"
      },
      "geometry": {
        "type": "Point",
        "coordinates": [
          112.6354712,
          -7.2483503
        ]
      }
    },
    {
      "type": "Feature",
      "id": "way/451490528",
      "properties": {
        "id": "way/451490528",
        "name": "Pos Kesehatan Krembangan",
        "kind": "clinic",
        "address": null,
        "phone": null,
        "operator": null,
        "beds": null,
        "source": "osm",
        "osm_id": "way/451490528",
        "region_id": "kelurahan-krembanganselatan",
        "region_name": "Krembangan Selatan"
      },
      "geometry": {
        "type": "Point",
        "coordinates": [
          112.7341564,
          -7.2407486
        ]
      }
    },
    {
      "type": "Feature",
      "id": "way/451494944",
      "properties": {
        "id": "way/451494944",
        "name": "Apotek Puri Husada",
        "kind": "pharmacy",
        "address": null,
        "phone": null,
        "operator": null,
        "beds": null,
        "source": "osm",
        "osm_id": "way/451494944",
        "region_id": "kelurahan-rungkutmenanggal",
        "region_name": "Rungkut Menanggal"
      },
      "geometry": {
        "type": "Point",
        "coordinates": [
          112.7758512,
          -7.3368526
        ]
      }
    },
    {
      "type": "Feature",
      "id": "way/451500391",
      "properties": {
        "id": "way/451500391",
        "name": "Puskesmas Pembantu Romokalisari",
        "kind": "clinic",
        "address": null,
        "phone": null,
        "operator": "Ministry of Health",
        "beds": null,
        "source": "osm",
        "osm_id": "way/451500391",
        "region_id": "kelurahan-romokalisari",
        "region_name": "Romokalisari"
      },
      "geometry": {
        "type": "Point",
        "coordinates": [
          112.6472049,
          -7.1960206
        ]
      }
    },
    {
      "type": "Feature",
      "id": "way/451500928",
      "properties": {
        "id": "way/451500928",
        "name": "Posyandu Anggrek",
        "kind": "clinic",
        "address": null,
        "phone": null,
        "operator": null,
        "beds": null,
        "source": "osm",
        "osm_id": "way/451500928",
        "region_id": "kelurahan-sumberrejo",
        "region_name": "Sumberrejo"
      },
      "geometry": {
        "type": "Point",
        "coordinates": [
          112.5942467,
          -7.2224309
        ]
      }
    },
    {
      "type": "Feature",
      "id": "way/451501279",
      "properties": {
        "id": "way/451501279",
        "name": "Klinik Pratama Sartika 59",
        "kind": "clinic",
        "address": null,
        "phone": null,
        "operator": null,
        "beds": null,
        "source": "osm",
        "osm_id": "way/451501279",
        "region_id": "kelurahan-manukankulon",
        "region_name": "Manukan Kulon"
      },
      "geometry": {
        "type": "Point",
        "coordinates": [
          112.6621652,
          -7.2644367
        ]
      }
    },
    {
      "type": "Feature",
      "id": "way/451501333",
      "properties": {
        "id": "way/451501333",
        "name": "Apotek Tengger 3",
        "kind": "pharmacy",
        "address": null,
        "phone": null,
        "operator": null,
        "beds": null,
        "source": "osm",
        "osm_id": "way/451501333",
        "region_id": "kelurahan-sambikerep",
        "region_name": "Sambikerep"
      },
      "geometry": {
        "type": "Point",
        "coordinates": [
          112.6620755,
          -7.2647613
        ]
      }
    },
    {
      "type": "Feature",
      "id": "way/451505559",
      "properties": {
        "id": "way/451505559",
        "name": "Puskesmas Pembantu Rungkut Menanggal",
        "kind": "clinic",
        "address": null,
        "phone": null,
        "operator": null,
        "beds": null,
        "source": "osm",
        "osm_id": "way/451505559",
        "region_id": "kelurahan-rungkutmenanggal",
        "region_name": "Rungkut Menanggal"
      },
      "geometry": {
        "type": "Point",
        "coordinates": [
          112.7728437,
          -7.3358199
        ]
      }
    },
    {
      "type": "Feature",
      "id": "way/451508502",
      "properties": {
        "id": "way/451508502",
        "name": "Poliklinik Polrestabes Surabaya",
        "kind": "clinic",
        "address": null,
        "phone": null,
        "operator": null,
        "beds": null,
        "source": "osm",
        "osm_id": "way/451508502",
        "region_id": "kelurahan-krembanganselatan",
        "region_name": "Krembangan Selatan"
      },
      "geometry": {
        "type": "Point",
        "coordinates": [
          112.7352564,
          -7.2359644
        ]
      }
    },
    {
      "type": "Feature",
      "id": "way/451512482",
      "properties": {
        "id": "way/451512482",
        "name": "Puskesmas Pakis",
        "kind": "clinic",
        "address": null,
        "phone": null,
        "operator": null,
        "beds": null,
        "source": "osm",
        "osm_id": "way/451512482",
        "region_id": "kelurahan-pakis",
        "region_name": "Pakis"
      },
      "geometry": {
        "type": "Point",
        "coordinates": [
          112.7284812,
          -7.281756
        ]
      }
    },
    {
      "type": "Feature",
      "id": "way/451523861",
      "properties": {
        "id": "way/451523861",
        "name": "Puskesmas Pembantu Rungkut Kidul",
        "kind": "clinic",
        "address": null,
        "phone": null,
        "operator": null,
        "beds": null,
        "source": "osm",
        "osm_id": "way/451523861",
        "region_id": "kelurahan-rungkutkidul",
        "region_name": "Rungkut Kidul"
      },
      "geometry": {
        "type": "Point",
        "coordinates": [
          112.7733607,
          -7.3277303
        ]
      }
    },
    {
      "type": "Feature",
      "id": "way/451527942",
      "properties": {
        "id": "way/451527942",
        "name": "Posyandu Lansia Makarya",
        "kind": "clinic",
        "address": null,
        "phone": null,
        "operator": "Posyandu",
        "beds": null,
        "source": "osm",
        "osm_id": "way/451527942",
        "region_id": "kelurahan-sumberrejo",
        "region_name": "Sumberrejo"
      },
      "geometry": {
        "type": "Point",
        "coordinates": [
          112.6058289,
          -7.2145165
        ]
      }
    },
    {
      "type": "Feature",
      "id": "way/451529838",
      "properties": {
        "id": "way/451529838",
        "name": "Klinik Nurani Jaya 66",
        "kind": "clinic",
        "address": null,
        "phone": null,
        "operator": null,
        "beds": null,
        "source": "osm",
        "osm_id": "way/451529838",
        "region_id": "kelurahan-kutisari",
        "region_name": "Kutisari"
      },
      "geometry": {
        "type": "Point",
        "coordinates": [
          112.7473827,
          -7.3348985
        ]
      }
    },
    {
      "type": "Feature",
      "id": "way/451533238",
      "properties": {
        "id": "way/451533238",
        "name": "Posyandu Melati",
        "kind": "clinic",
        "address": null,
        "phone": null,
        "operator": null,
        "beds": null,
        "source": "osm",
        "osm_id": "way/451533238",
        "region_id": "kelurahan-karah",
        "region_name": "Karah"
      },
      "geometry": {
        "type": "Point",
        "coordinates": [
          112.7133609,
          -7.3108049
        ]
      }
    },
    {
      "type": "Feature",
      "id": "way/451534817",
      "properties": {
        "id": "way/451534817",
        "name": "Puskesmas Pembantu Benowo",
        "kind": "clinic",
        "address": null,
        "phone": null,
        "operator": null,
        "beds": null,
        "source": "osm",
        "osm_id": "way/451534817",
        "region_id": "kelurahan-benowo",
        "region_name": "Benowo"
      },
      "geometry": {
        "type": "Point",
        "coordinates": [
          112.6114964,
          -7.234725
        ]
      }
    },
    {
      "type": "Feature",
      "id": "way/451535366",
      "properties": {
        "id": "way/451535366",
        "name": "Klinik Perdana Husada",
        "kind": "clinic",
        "address": null,
        "phone": null,
        "operator": null,
        "beds": null,
        "source": "osm",
        "osm_id": "way/451535366",
        "region_id": "kelurahan-manukankulon",
        "region_name": "Manukan Kulon"
      },
      "geometry": {
        "type": "Point",
        "coordinates": [
          112.6707873,
          -7.2599046
        ]
      }
    },
    {
      "type": "Feature",
      "id": "way/451581649",
      "properties": {
        "id": "way/451581649",
        "name": "Puskesmas Pembantu Krembangan",
        "kind": "clinic",
        "address": null,
        "phone": null,
        "operator": null,
        "beds": null,
        "source": "osm",
        "osm_id": "way/451581649",
        "region_id": "kelurahan-kemayoran",
        "region_name": "Kemayoran"
      },
      "geometry": {
        "type": "Point",
        "coordinates": [
          112.7289548,
          -7.2396642
        ]
      }
    },
    {
      "type": "Feature",
      "id": "way/451645249",
      "properties": {
        "id": "way/451645249",
        "name": "Klinik Abdi Mulia",
        "kind": "clinic",
        "address": null,
        "phone": null,
        "operator": null,
        "beds": null,
        "source": "osm",
        "osm_id": "way/451645249",
        "region_id": "kelurahan-putatgede",
        "region_name": "Putat Gede"
      },
      "geometry": {
        "type": "Point",
        "coordinates": [
          112.7010288,
          -7.2860322
        ]
      }
    },
    {
      "type": "Feature",
      "id": "way/451651355",
      "properties": {
        "id": "way/451651355",
        "name": "Puskesmas Pembantu Penjaringan Sari",
        "kind": "clinic",
        "address": null,
        "phone": null,
        "operator": null,
        "beds": null,
        "source": "osm",
        "osm_id": "way/451651355",
        "region_id": "kelurahan-penjaringansari",
        "region_name": "Penjaringan Sari"
      },
      "geometry": {
        "type": "Point",
        "coordinates": [
          112.7882898,
          -7.3179955
        ]
      }
    },
    {
      "type": "Feature",
      "id": "way/451659196",
      "properties": {
        "id": "way/451659196",
        "name": "Poliklinik SATBRIMOB Polda Jatim",
        "kind": "clinic",
        "address": null,
        "phone": null,
        "operator": null,
        "beds": null,
        "source": "osm",
        "osm_id": "way/451659196",
        "region_id": "kelurahan-morokrembangan",
        "region_name": "Morokrembangan"
      },
      "geometry": {
        "type": "Point",
        "coordinates": [
          112.7229483,
          -7.2342871
        ]
      }
    },
    {
      "type": "Feature",
      "id": "way/451664232",
      "properties": {
        "id": "way/451664232",
        "name": "Poliklinik UWK",
        "kind": "clinic",
        "address": null,
        "phone": null,
        "operator": null,
        "beds": null,
        "source": "osm",
        "osm_id": "way/451664232",
        "region_id": "kelurahan-dukuhkupang",
        "region_name": "Dukuh Kupang"
      },
      "geometry": {
        "type": "Point",
        "coordinates": [
          112.71065,
          -7.2829825
        ]
      }
    },
    {
      "type": "Feature",
      "id": "way/451665314",
      "properties": {
        "id": "way/451665314",
        "name": "Yakes Telkom",
        "kind": "clinic",
        "address": null,
        "phone": null,
        "operator": null,
        "beds": null,
        "source": "osm",
        "osm_id": "way/451665314",
        "region_id": "kelurahan-ketintang",
        "region_name": "Ketintang"
      },
      "geometry": {
        "type": "Point",
        "coordinates": [
          112.7277362,
          -7.3096097
        ]
      }
    },
    {
      "type": "Feature",
      "id": "way/451666575",
      "properties": {
        "id": "way/451666575",
        "name": "Laboratorium Klinik Isaki",
        "kind": "clinic",
        "address": null,
        "phone": null,
        "operator": null,
        "beds": null,
        "source": "osm",
        "osm_id": "way/451666575",
        "region_id": "kelurahan-kutisari",
        "region_name": "Kutisari"
      },
      "geometry": {
        "type": "Point",
        "coordinates": [
          112.7467579,
          -7.3358151
        ]
      }
    },
    {
      "type": "Feature",
      "id": "way/451666730",
      "properties": {
        "id": "way/451666730",
        "name": "Puskesmas Pembantu Kutisari",
        "kind": "clinic",
        "address": null,
        "phone": null,
        "operator": null,
        "beds": null,
        "source": "osm",
        "osm_id": "way/451666730",
        "region_id": "kelurahan-kutisari",
        "region_name": "Kutisari"
      },
      "geometry": {
        "type": "Point",
        "coordinates": [
          112.7462963,
          -7.3361447
        ]
      }
    },
    {
      "type": "Feature",
      "id": "way/451670191",
      "properties": {
        "id": "way/451670191",
        "name": "Rumah Sakit Mitra Keluarga",
        "kind": "hospital",
        "address": "Jalan Satelit Indah II Blok FN, Kelurahan Tanjungsari, Kecamatan Sukomanunggal No. 8",
        "phone": "+62 31-7345333",
        "operator": null,
        "beds": null,
        "source": "osm",
        "osm_id": "way/451670191",
        "region_id": "kelurahan-tanjungsari",
        "region_name": "Tanjungsari"
      },
      "geometry": {
        "type": "Point",
        "coordinates": [
          112.6912576,
          -7.2666818
        ]
      }
    },
    {
      "type": "Feature",
      "id": "way/451672394",
      "properties": {
        "id": "way/451672394",
        "name": "Poli Umum Dr. Soetomo",
        "kind": "clinic",
        "address": null,
        "phone": null,
        "operator": null,
        "beds": null,
        "source": "osm",
        "osm_id": "way/451672394",
        "region_id": "kelurahan-perakbarat",
        "region_name": "Perak Barat"
      },
      "geometry": {
        "type": "Point",
        "coordinates": [
          112.7269731,
          -7.2242448
        ]
      }
    },
    {
      "type": "Feature",
      "id": "way/451832547",
      "properties": {
        "id": "way/451832547",
        "name": "Puskesmas Perak Timur",
        "kind": "clinic",
        "address": null,
        "phone": null,
        "operator": null,
        "beds": null,
        "source": "osm",
        "osm_id": "way/451832547",
        "region_id": "kelurahan-peraktimur",
        "region_name": "Perak Timur"
      },
      "geometry": {
        "type": "Point",
        "coordinates": [
          112.7354624,
          -7.2227322
        ]
      }
    },
    {
      "type": "Feature",
      "id": "way/451850988",
      "properties": {
        "id": "way/451850988",
        "name": "Puskesmas Wonokromo",
        "kind": "clinic",
        "address": null,
        "phone": null,
        "operator": null,
        "beds": null,
        "source": "osm",
        "osm_id": "way/451850988",
        "region_id": "kelurahan-wonokromo",
        "region_name": "Wonokromo"
      },
      "geometry": {
        "type": "Point",
        "coordinates": [
          112.7303925,
          -7.3031765
        ]
      }
    },
    {
      "type": "Feature",
      "id": "way/451857624",
      "properties": {
        "id": "way/451857624",
        "name": "RS Kodam Brawijaya",
        "kind": "hospital",
        "address": null,
        "phone": null,
        "operator": null,
        "beds": null,
        "source": "osm",
        "osm_id": "way/451857624",
        "region_id": "kelurahan-sawunggaling",
        "region_name": "Sawunggaling"
      },
      "geometry": {
        "type": "Point",
        "coordinates": [
          112.7228121,
          -7.2972173
        ]
      }
    },
    {
      "type": "Feature",
      "id": "way/452167581",
      "properties": {
        "id": "way/452167581",
        "name": "Puskesmas Pembantu Warugunung",
        "kind": "clinic",
        "address": null,
        "phone": null,
        "operator": null,
        "beds": null,
        "source": "osm",
        "osm_id": "way/452167581",
        "region_id": "kelurahan-warugunung",
        "region_name": "Warugunung"
      },
      "geometry": {
        "type": "Point",
        "coordinates": [
          112.6729796,
          -7.3503024
        ]
      }
    },
    {
      "type": "Feature",
      "id": "way/452173174",
      "properties": {
        "id": "way/452173174",
        "name": "Puskesmas Sidotopo Wetan",
        "kind": "clinic",
        "address": null,
        "phone": null,
        "operator": null,
        "beds": null,
        "source": "osm",
        "osm_id": "way/452173174",
        "region_id": "kelurahan-sidotopowetan",
        "region_name": "Sidotopo Wetan"
      },
      "geometry": {
        "type": "Point",
        "coordinates": [
          112.7635026,
          -7.2265923
        ]
      }
    },
    {
      "type": "Feature",
      "id": "way/452176358",
      "properties": {
        "id": "way/452176358",
        "name": "Klinik Raddina",
        "kind": "clinic",
        "address": null,
        "phone": null,
        "operator": null,
        "beds": null,
        "source": "osm",
        "osm_id": "way/452176358",
        "region_id": "kelurahan-nyamplungan",
        "region_name": "Nyamplungan"
      },
      "geometry": {
        "type": "Point",
        "coordinates": [
          112.7408182,
          -7.2260781
        ]
      }
    },
    {
      "type": "Feature",
      "id": "way/452200878",
      "properties": {
        "id": "way/452200878",
        "name": "Rumah Sakit Al Irsyad",
        "kind": "hospital",
        "address": null,
        "phone": null,
        "operator": null,
        "beds": null,
        "source": "osm",
        "osm_id": "way/452200878",
        "region_id": "kelurahan-nyamplungan",
        "region_name": "Nyamplungan"
      },
      "geometry": {
        "type": "Point",
        "coordinates": [
          112.7411216,
          -7.2281429
        ]
      }
    },
    {
      "type": "Feature",
      "id": "way/452344055",
      "properties": {
        "id": "way/452344055",
        "name": "Posyandu Granting",
        "kind": "clinic",
        "address": null,
        "phone": null,
        "operator": null,
        "beds": null,
        "source": "osm",
        "osm_id": "way/452344055",
        "region_id": "kelurahan-simokerto",
        "region_name": "Simokerto"
      },
      "geometry": {
        "type": "Point",
        "coordinates": [
          112.7628382,
          -7.2363217
        ]
      }
    },
    {
      "type": "Feature",
      "id": "way/452354573",
      "properties": {
        "id": "way/452354573",
        "name": "Puskesmas Tambak Wedi",
        "kind": "clinic",
        "address": null,
        "phone": null,
        "operator": null,
        "beds": null,
        "source": "osm",
        "osm_id": "way/452354573",
        "region_id": "kelurahan-tambakwedi",
        "region_name": "Tambak Wedi"
      },
      "geometry": {
        "type": "Point",
        "coordinates": [
          112.7769442,
          -7.2110958
        ]
      }
    },
    {
      "type": "Feature",
      "id": "way/452393932",
      "properties": {
        "id": "way/452393932",
        "name": "Pusmesmas Wiyung",
        "kind": "clinic",
        "address": null,
        "phone": null,
        "operator": null,
        "beds": null,
        "source": "osm",
        "osm_id": "way/452393932",
        "region_id": "kelurahan-wiyung",
        "region_name": "Wiyung"
      },
      "geometry": {
        "type": "Point",
        "coordinates": [
          112.693701,
          -7.3165098
        ]
      }
    },
    {
      "type": "Feature",
      "id": "way/452574500",
      "properties": {
        "id": "way/452574500",
        "name": "Posyandu Mawar 1 & 2",
        "kind": "clinic",
        "address": null,
        "phone": null,
        "operator": null,
        "beds": null,
        "source": "osm",
        "osm_id": "way/452574500",
        "region_id": "kelurahan-perakutara",
        "region_name": "Perak Utara"
      },
      "geometry": {
        "type": "Point",
        "coordinates": [
          112.7298193,
          -7.2147636
        ]
      }
    },
    {
      "type": "Feature",
      "id": "way/452577220",
      "properties": {
        "id": "way/452577220",
        "name": "Posyandu Balita Rw.3 Kel. Jeruk",
        "kind": "clinic",
        "address": null,
        "phone": null,
        "operator": null,
        "beds": null,
        "source": "osm",
        "osm_id": "way/452577220",
        "region_id": "kelurahan-jeruk",
        "region_name": "Jeruk"
      },
      "geometry": {
        "type": "Point",
        "coordinates": [
          112.6403592,
          -7.3053011
        ]
      }
    },
    {
      "type": "Feature",
      "id": "way/452577221",
      "properties": {
        "id": "way/452577221",
        "name": "Puskesmas Jeruk",
        "kind": "clinic",
        "address": null,
        "phone": null,
        "operator": null,
        "beds": null,
        "source": "osm",
        "osm_id": "way/452577221",
        "region_id": "kelurahan-jeruk",
        "region_name": "Jeruk"
      },
      "geometry": {
        "type": "Point",
        "coordinates": [
          112.6383802,
          -7.3054466
        ]
      }
    },
    {
      "type": "Feature",
      "id": "way/452577922",
      "properties": {
        "id": "way/452577922",
        "name": "Puskesmas Tambak Wedi",
        "kind": "clinic",
        "address": null,
        "phone": null,
        "operator": null,
        "beds": null,
        "source": "osm",
        "osm_id": "way/452577922",
        "region_id": "kelurahan-tambakwedi",
        "region_name": "Tambak Wedi"
      },
      "geometry": {
        "type": "Point",
        "coordinates": [
          112.7724023,
          -7.2174798
        ]
      }
    },
    {
      "type": "Feature",
      "id": "way/452580516",
      "properties": {
        "id": "way/452580516",
        "name": "Klinik Anugerah Sulung",
        "kind": "clinic",
        "address": "Jalan Tumapel 105",
        "phone": null,
        "operator": null,
        "beds": null,
        "source": "osm",
        "osm_id": "way/452580516",
        "region_id": "kelurahan-keputran",
        "region_name": "Keputran"
      },
      "geometry": {
        "type": "Point",
        "coordinates": [
          112.7417777,
          -7.2871492
        ]
      }
    },
    {
      "type": "Feature",
      "id": "way/452582731",
      "properties": {
        "id": "way/452582731",
        "name": "Puskesmas Balas Klumprik",
        "kind": "clinic",
        "address": null,
        "phone": null,
        "operator": null,
        "beds": null,
        "source": "osm",
        "osm_id": "way/452582731",
        "region_id": "kelurahan-balasklumprik",
        "region_name": "Balas Klumprik"
      },
      "geometry": {
        "type": "Point",
        "coordinates": [
          112.6900387,
          -7.3314856
        ]
      }
    },
    {
      "type": "Feature",
      "id": "way/452600945",
      "properties": {
        "id": "way/452600945",
        "name": "Rumah Sakit PKU Muhammadiyah Surabaya",
        "kind": "hospital",
        "address": null,
        "phone": null,
        "operator": null,
        "beds": null,
        "source": "osm",
        "osm_id": "way/452600945",
        "region_id": "kelurahan-nyamplungan",
        "region_name": "Nyamplungan"
      },
      "geometry": {
        "type": "Point",
        "coordinates": [
          112.7412128,
          -7.2299251
        ]
      }
    },
    {
      "type": "Feature",
      "id": "way/452601170",
      "properties": {
        "id": "way/452601170",
        "name": "Rumah Sakit Paru",
        "kind": "hospital",
        "address": null,
        "phone": null,
        "operator": null,
        "beds": null,
        "source": "osm",
        "osm_id": "way/452601170",
        "region_id": "kelurahan-pegirian",
        "region_name": "Pegirian"
      },
      "geometry": {
        "type": "Point",
        "coordinates": [
          112.7464745,
          -7.2240386
        ]
      }
    },
    {
      "type": "Feature",
      "id": "way/453248827",
      "properties": {
        "id": "way/453248827",
        "name": "Puskesmas Made",
        "kind": "clinic",
        "address": null,
        "phone": null,
        "operator": null,
        "beds": null,
        "source": "osm",
        "osm_id": "way/453248827",
        "region_id": "kelurahan-made",
        "region_name": "Made"
      },
      "geometry": {
        "type": "Point",
        "coordinates": [
          112.6370279,
          -7.277327
        ]
      }
    },
    {
      "type": "Feature",
      "id": "way/453435490",
      "properties": {
        "id": "way/453435490",
        "name": "Klinik Jakarta",
        "kind": "clinic",
        "address": null,
        "phone": null,
        "operator": null,
        "beds": null,
        "source": "osm",
        "osm_id": "way/453435490",
        "region_id": "kelurahan-peraktimur",
        "region_name": "Perak Timur"
      },
      "geometry": {
        "type": "Point",
        "coordinates": [
          112.7358392,
          -7.2226967
        ]
      }
    },
    {
      "type": "Feature",
      "id": "way/453439343",
      "properties": {
        "id": "way/453439343",
        "name": "Puskesmas Bulak Banteng",
        "kind": "clinic",
        "address": null,
        "phone": null,
        "operator": null,
        "beds": null,
        "source": "osm",
        "osm_id": "way/453439343",
        "region_id": "kelurahan-bulakbanteng",
        "region_name": "Bulak Banteng"
      },
      "geometry": {
        "type": "Point",
        "coordinates": [
          112.7662792,
          -7.2177651
        ]
      }
    },
    {
      "type": "Feature",
      "id": "way/453631141",
      "properties": {
        "id": "way/453631141",
        "name": "Puskesmas Lidah Kulon",
        "kind": "clinic",
        "address": null,
        "phone": null,
        "operator": "Ministry of Health",
        "beds": null,
        "source": "osm",
        "osm_id": "way/453631141",
        "region_id": "kelurahan-lidahkulon",
        "region_name": "Lidah Kulon"
      },
      "geometry": {
        "type": "Point",
        "coordinates": [
          112.6614463,
          -7.3066493
        ]
      }
    },
    {
      "type": "Feature",
      "id": "way/453632604",
      "properties": {
        "id": "way/453632604",
        "name": "Posyandu Nusa Indah",
        "kind": "clinic",
        "address": null,
        "phone": null,
        "operator": null,
        "beds": null,
        "source": "osm",
        "osm_id": "way/453632604",
        "region_id": "kelurahan-sidodadi",
        "region_name": "Sidodadi"
      },
      "geometry": {
        "type": "Point",
        "coordinates": [
          112.7449987,
          -7.2367559
        ]
      }
    },
    {
      "type": "Feature",
      "id": "way/453637968",
      "properties": {
        "id": "way/453637968",
        "name": "Bidan Delima",
        "kind": "clinic",
        "address": null,
        "phone": null,
        "operator": null,
        "beds": null,
        "source": "osm",
        "osm_id": "way/453637968",
        "region_id": "kelurahan-lidahkulon",
        "region_name": "Lidah Kulon"
      },
      "geometry": {
        "type": "Point",
        "coordinates": [
          112.6526769,
          -7.3017245
        ]
      }
    },
    {
      "type": "Feature",
      "id": "way/453637971",
      "properties": {
        "id": "way/453637971",
        "name": "RS Orthopedi & Traumatologi",
        "kind": "hospital",
        "address": null,
        "phone": null,
        "operator": null,
        "beds": null,
        "source": "osm",
        "osm_id": "way/453637971",
        "region_id": "kelurahan-lidahkulon",
        "region_name": "Lidah Kulon"
      },
      "geometry": {
        "type": "Point",
        "coordinates": [
          112.6620645,
          -7.2994323
        ]
      }
    },
    {
      "type": "Feature",
      "id": "way/453642807",
      "properties": {
        "id": "way/453642807",
        "name": "Posyandu Mawar",
        "kind": "clinic",
        "address": null,
        "phone": null,
        "operator": null,
        "beds": null,
        "source": "osm",
        "osm_id": "way/453642807",
        "region_id": "kelurahan-tandes",
        "region_name": "Tandes"
      },
      "geometry": {
        "type": "Point",
        "coordinates": [
          112.687805,
          -7.2603726
        ]
      }
    },
    {
      "type": "Feature",
      "id": "way/453646193",
      "properties": {
        "id": "way/453646193",
        "name": "Royal Clinic",
        "kind": "clinic",
        "address": null,
        "phone": null,
        "operator": null,
        "beds": null,
        "source": "osm",
        "osm_id": "way/453646193",
        "region_id": "kelurahan-tanjungsari",
        "region_name": "Tanjungsari"
      },
      "geometry": {
        "type": "Point",
        "coordinates": [
          112.6872442,
          -7.2785831
        ]
      }
    },
    {
      "type": "Feature",
      "id": "way/453647675",
      "properties": {
        "id": "way/453647675",
        "name": "Praktek Umum",
        "kind": "clinic",
        "address": null,
        "phone": null,
        "operator": null,
        "beds": null,
        "source": "osm",
        "osm_id": "way/453647675",
        "region_id": "kelurahan-simolawang",
        "region_name": "Simolawang"
      },
      "geometry": {
        "type": "Point",
        "coordinates": [
          112.7527761,
          -7.2335417
        ]
      }
    },
    {
      "type": "Feature",
      "id": "way/453650878",
      "properties": {
        "id": "way/453650878",
        "name": "Posyandu Cempaka II",
        "kind": "clinic",
        "address": null,
        "phone": null,
        "operator": null,
        "beds": null,
        "source": "osm",
        "osm_id": "way/453650878",
        "region_id": "kelurahan-sonokwijenan",
        "region_name": "Sono Kwijenan"
      },
      "geometry": {
        "type": "Point",
        "coordinates": [
          112.6992369,
          -7.2779805
        ]
      }
    },
    {
      "type": "Feature",
      "id": "way/453651747",
      "properties": {
        "id": "way/453651747",
        "name": "Apotek Dharma",
        "kind": "pharmacy",
        "address": null,
        "phone": null,
        "operator": null,
        "beds": null,
        "source": "osm",
        "osm_id": "way/453651747",
        "region_id": "kelurahan-ketintang",
        "region_name": "Ketintang"
      },
      "geometry": {
        "type": "Point",
        "coordinates": [
          112.7310822,
          -7.3098004
        ]
      }
    },
    {
      "type": "Feature",
      "id": "way/453651966",
      "properties": {
        "id": "way/453651966",
        "name": "Apotek Kimia Farma",
        "kind": "pharmacy",
        "address": null,
        "phone": null,
        "operator": null,
        "beds": null,
        "source": "osm",
        "osm_id": "way/453651966",
        "region_id": "kelurahan-ketintang",
        "region_name": "Ketintang"
      },
      "geometry": {
        "type": "Point",
        "coordinates": [
          112.7314937,
          -7.3098364
        ]
      }
    },
    {
      "type": "Feature",
      "id": "way/453707238",
      "properties": {
        "id": "way/453707238",
        "name": "Posyandu Mekarsari",
        "kind": "clinic",
        "address": null,
        "phone": null,
        "operator": null,
        "beds": null,
        "source": "osm",
        "osm_id": "way/453707238",
        "region_id": "kelurahan-wonokusumo",
        "region_name": "Wonokusumo"
      },
      "geometry": {
        "type": "Point",
        "coordinates": [
          112.7520433,
          -7.216005
        ]
      }
    },
    {
      "type": "Feature",
      "id": "way/453886347",
      "properties": {
        "id": "way/453886347",
        "name": "Citra Medical Center",
        "kind": "clinic",
        "address": null,
        "phone": null,
        "operator": null,
        "beds": null,
        "source": "osm",
        "osm_id": "way/453886347",
        "region_id": "kelurahan-ketintang",
        "region_name": "Ketintang"
      },
      "geometry": {
        "type": "Point",
        "coordinates": [
          112.7300683,
          -7.3176093
        ]
      }
    },
    {
      "type": "Feature",
      "id": "way/453890813",
      "properties": {
        "id": "way/453890813",
        "name": "Puskesmas Kedurus",
        "kind": "clinic",
        "address": null,
        "phone": null,
        "operator": null,
        "beds": null,
        "source": "osm",
        "osm_id": "way/453890813",
        "region_id": "kelurahan-kedurus",
        "region_name": "Kedurus"
      },
      "geometry": {
        "type": "Point",
        "coordinates": [
          112.7093945,
          -7.3197547
        ]
      }
    },
    {
      "type": "Feature",
      "id": "way/453891369",
      "properties": {
        "id": "way/453891369",
        "name": "Posyandu Angrek III",
        "kind": "clinic",
        "address": null,
        "phone": null,
        "operator": null,
        "beds": null,
        "source": "osm",
        "osm_id": "way/453891369",
        "region_id": "kelurahan-gundih",
        "region_name": "Gundih"
      },
      "geometry": {
        "type": "Point",
        "coordinates": [
          112.7233109,
          -7.2481302
        ]
      }
    },
    {
      "type": "Feature",
      "id": "way/453913629",
      "properties": {
        "id": "way/453913629",
        "name": "Klinik Gigi",
        "kind": "clinic",
        "address": null,
        "phone": null,
        "operator": null,
        "beds": null,
        "source": "osm",
        "osm_id": "way/453913629",
        "region_id": "kelurahan-sawahan",
        "region_name": "Sawahan"
      },
      "geometry": {
        "type": "Point",
        "coordinates": [
          112.7276715,
          -7.257277
        ]
      }
    },
    {
      "type": "Feature",
      "id": "way/453915896",
      "properties": {
        "id": "way/453915896",
        "name": "Puskesmas Tembok Dukuh",
        "kind": "clinic",
        "address": null,
        "phone": null,
        "operator": null,
        "beds": null,
        "source": "osm",
        "osm_id": "way/453915896",
        "region_id": "kelurahan-tembokdukuh",
        "region_name": "Tembok Dukuh"
      },
      "geometry": {
        "type": "Point",
        "coordinates": [
          112.7192132,
          -7.2545274
        ]
      }
    },
    {
      "type": "Feature",
      "id": "way/453934622",
      "properties": {
        "id": "way/453934622",
        "name": "Puskesmas Sawah Pulo",
        "kind": "clinic",
        "address": null,
        "phone": null,
        "operator": null,
        "beds": null,
        "source": "osm",
        "osm_id": "way/453934622",
        "region_id": "kelurahan-ujung",
        "region_name": "Ujung"
      },
      "geometry": {
        "type": "Point",
        "coordinates": [
          112.7446748,
          -7.2228124
        ]
      }
    },
    {
      "type": "Feature",
      "id": "way/453936730",
      "properties": {
        "id": "way/453936730",
        "name": "Puskesmas Pembantu Dukuh Menanggal",
        "kind": "clinic",
        "address": null,
        "phone": null,
        "operator": null,
        "beds": null,
        "source": "osm",
        "osm_id": "way/453936730",
        "region_id": "kelurahan-dukuhmenanggal",
        "region_name": "Dukuh Menanggal"
      },
      "geometry": {
        "type": "Point",
        "coordinates": [
          112.7231568,
          -7.3434646
        ]
      }
    },
    {
      "type": "Feature",
      "id": "way/453940511",
      "properties": {
        "id": "way/453940511",
        "name": "Puskesmas Asem Rowo",
        "kind": "clinic",
        "address": null,
        "phone": null,
        "operator": null,
        "beds": null,
        "source": "osm",
        "osm_id": "way/453940511",
        "region_id": "kelurahan-asemrowo",
        "region_name": "Asemrowo"
      },
      "geometry": {
        "type": "Point",
        "coordinates": [
          112.714562,
          -7.2518611
        ]
      }
    },
    {
      "type": "Feature",
      "id": "way/454129371",
      "properties": {
        "id": "way/454129371",
        "name": "Rumah Sakit Marien",
        "kind": "hospital",
        "address": null,
        "phone": null,
        "operator": null,
        "beds": null,
        "source": "osm",
        "osm_id": "way/454129371",
        "region_id": "kelurahan-lontar",
        "region_name": "Lontar"
      },
      "geometry": {
        "type": "Point",
        "coordinates": [
          112.679649,
          -7.2756512
        ]
      }
    },
    {
      "type": "Feature",
      "id": "way/454131822",
      "properties": {
        "id": "way/454131822",
        "name": "Klinik Medpoint",
        "kind": "clinic",
        "address": null,
        "phone": null,
        "operator": null,
        "beds": null,
        "source": "osm",
        "osm_id": "way/454131822",
        "region_id": "kelurahan-lontar",
        "region_name": "Lontar"
      },
      "geometry": {
        "type": "Point",
        "coordinates": [
          112.6708088,
          -7.2841042
        ]
      }
    },
    {
      "type": "Feature",
      "id": "way/454131823",
      "properties": {
        "id": "way/454131823",
        "name": "Klinik Miftachul Munir Medika",
        "kind": "clinic",
        "address": null,
        "phone": null,
        "operator": null,
        "beds": null,
        "source": "osm",
        "osm_id": "way/454131823",
        "region_id": "kelurahan-lontar",
        "region_name": "Lontar"
      },
      "geometry": {
        "type": "Point",
        "coordinates": [
          112.6660158,
          -7.2832568
        ]
      }
    },
    {
      "type": "Feature",
      "id": "way/454131831",
      "properties": {
        "id": "way/454131831",
        "name": "Puskesmas Lontar",
        "kind": "clinic",
        "address": null,
        "phone": null,
        "operator": null,
        "beds": null,
        "source": "osm",
        "osm_id": "way/454131831",
        "region_id": "kelurahan-lontar",
        "region_name": "Lontar"
      },
      "geometry": {
        "type": "Point",
        "coordinates": [
          112.6627328,
          -7.2850638
        ]
      }
    },
    {
      "type": "Feature",
      "id": "way/454131833",
      "properties": {
        "id": "way/454131833",
        "name": "Rumah Sakit Lombok Dua dua",
        "kind": "hospital",
        "address": null,
        "phone": null,
        "operator": null,
        "beds": null,
        "source": "osm",
        "osm_id": "way/454131833",
        "region_id": "kelurahan-lontar",
        "region_name": "Lontar"
      },
      "geometry": {
        "type": "Point",
        "coordinates": [
          112.669523,
          -7.2845689
        ]
      }
    },
    {
      "type": "Feature",
      "id": "way/454147499",
      "properties": {
        "id": "way/454147499",
        "name": "Puskesmas Gundih",
        "kind": "clinic",
        "address": null,
        "phone": null,
        "operator": null,
        "beds": null,
        "source": "osm",
        "osm_id": "way/454147499",
        "region_id": "kelurahan-gundih",
        "region_name": "Gundih"
      },
      "geometry": {
        "type": "Point",
        "coordinates": [
          112.7253904,
          -7.2472448
        ]
      }
    },
    {
      "type": "Feature",
      "id": "way/454187199",
      "properties": {
        "id": "way/454187199",
        "name": "Klinik Pratama Rawat Inap Putri Rahayu",
        "kind": "clinic",
        "address": null,
        "phone": null,
        "operator": null,
        "beds": null,
        "source": "osm",
        "osm_id": "way/454187199",
        "region_id": "kelurahan-warugunung",
        "region_name": "Warugunung"
      },
      "geometry": {
        "type": "Point",
        "coordinates": [
          112.6660642,
          -7.347893
        ]
      }
    },
    {
      "type": "Feature",
      "id": "way/454776218",
      "properties": {
        "id": "way/454776218",
        "name": "Klinik Alma Karya",
        "kind": "clinic",
        "address": null,
        "phone": null,
        "operator": null,
        "beds": null,
        "source": "osm",
        "osm_id": "way/454776218",
        "region_id": "kelurahan-pakis",
        "region_name": "Pakis"
      },
      "geometry": {
        "type": "Point",
        "coordinates": [
          112.723181,
          -7.2876992
        ]
      }
    },
    {
      "type": "Feature",
      "id": "way/454798302",
      "properties": {
        "id": "way/454798302",
        "name": "Puskesmas Pembantu Sono Kwijenan",
        "kind": "clinic",
        "address": null,
        "phone": null,
        "operator": null,
        "beds": null,
        "source": "osm",
        "osm_id": "way/454798302",
        "region_id": "kelurahan-sonokwijenan",
        "region_name": "Sono Kwijenan"
      },
      "geometry": {
        "type": "Point",
        "coordinates": [
          112.7010087,
          -7.2754381
        ]
      }
    },
    {
      "type": "Feature",
      "id": "way/454803509",
      "properties": {
        "id": "way/454803509",
        "name": "Puskesmas Pegirian",
        "kind": "clinic",
        "address": null,
        "phone": null,
        "operator": null,
        "beds": null,
        "source": "osm",
        "osm_id": "way/454803509",
        "region_id": "kelurahan-pegirian",
        "region_name": "Pegirian"
      },
      "geometry": {
        "type": "Point",
        "coordinates": [
          112.7469148,
          -7.2246432
        ]
      }
    },
    {
      "type": "Feature",
      "id": "way/454826209",
      "properties": {
        "id": "way/454826209",
        "name": "Puskesmas Putat Jaya",
        "kind": "clinic",
        "address": null,
        "phone": null,
        "operator": null,
        "beds": null,
        "source": "osm",
        "osm_id": "way/454826209",
        "region_id": "kelurahan-putatjaya",
        "region_name": "Putat Jaya"
      },
      "geometry": {
        "type": "Point",
        "coordinates": [
          112.7223537,
          -7.2814089
        ]
      }
    },
    {
      "type": "Feature",
      "id": "way/454833008",
      "properties": {
        "id": "way/454833008",
        "name": "Klinik Pusura",
        "kind": "clinic",
        "address": null,
        "phone": null,
        "operator": null,
        "beds": null,
        "source": "osm",
        "osm_id": "way/454833008",
        "region_id": "kelurahan-pakis",
        "region_name": "Pakis"
      },
      "geometry": {
        "type": "Point",
        "coordinates": [
          112.7268137,
          -7.292135
        ]
      }
    },
    {
      "type": "Feature",
      "id": "way/454994578",
      "properties": {
        "id": "way/454994578",
        "name": "Klinik Kasih Karunia",
        "kind": "clinic",
        "address": null,
        "phone": null,
        "operator": null,
        "beds": null,
        "source": "osm",
        "osm_id": "way/454994578",
        "region_id": "kelurahan-tanjungsari",
        "region_name": "Tanjungsari"
      },
      "geometry": {
        "type": "Point",
        "coordinates": [
          112.6909665,
          -7.2689496
        ]
      }
    },
    {
      "type": "Feature",
      "id": "way/455236163",
      "properties": {
        "id": "way/455236163",
        "name": "Puskesmas Pembantu Kebraon",
        "kind": "clinic",
        "address": null,
        "phone": null,
        "operator": null,
        "beds": null,
        "source": "osm",
        "osm_id": "way/455236163",
        "region_id": "kelurahan-kebraon",
        "region_name": "Kebraon"
      },
      "geometry": {
        "type": "Point",
        "coordinates": [
          112.7015021,
          -7.3340082
        ]
      }
    },
    {
      "type": "Feature",
      "id": "way/455255075",
      "properties": {
        "id": "way/455255075",
        "name": "Puskesmas Gayungan",
        "kind": "clinic",
        "address": null,
        "phone": null,
        "operator": null,
        "beds": null,
        "source": "osm",
        "osm_id": "way/455255075",
        "region_id": "kelurahan-gayungan",
        "region_name": "Gayungan"
      },
      "geometry": {
        "type": "Point",
        "coordinates": [
          112.7186968,
          -7.3381017
        ]
      }
    },
    {
      "type": "Feature",
      "id": "way/455426806",
      "properties": {
        "id": "way/455426806",
        "name": "Puskesmas Dupak",
        "kind": "clinic",
        "address": null,
        "phone": null,
        "operator": null,
        "beds": null,
        "source": "osm",
        "osm_id": "way/455426806",
        "region_id": "kelurahan-dupak",
        "region_name": "Dupak"
      },
      "geometry": {
        "type": "Point",
        "coordinates": [
          112.7172651,
          -7.2393518
        ]
      }
    },
    {
      "type": "Feature",
      "id": "way/455427429",
      "properties": {
        "id": "way/455427429",
        "name": "Balai Pengobatan dan Rumah Bersalin Al Azhar",
        "kind": "clinic",
        "address": null,
        "phone": null,
        "operator": null,
        "beds": null,
        "source": "osm",
        "osm_id": "way/455427429",
        "region_id": "kelurahan-dupak",
        "region_name": "Dupak"
      },
      "geometry": {
        "type": "Point",
        "coordinates": [
          112.718773,
          -7.242188
        ]
      }
    },
    {
      "type": "Feature",
      "id": "way/455434214",
      "properties": {
        "id": "way/455434214",
        "name": "Klinik Pratama Dinayla Utama",
        "kind": "clinic",
        "address": null,
        "phone": null,
        "operator": null,
        "beds": null,
        "source": "osm",
        "osm_id": "way/455434214",
        "region_id": "kelurahan-simomulyobaru",
        "region_name": "Simomulyo Baru"
      },
      "geometry": {
        "type": "Point",
        "coordinates": [
          112.7065905,
          -7.257587
        ]
      }
    },
    {
      "type": "Feature",
      "id": "way/455447410",
      "properties": {
        "id": "way/455447410",
        "name": "Puskesmas Moro Krembangab",
        "kind": "clinic",
        "address": null,
        "phone": null,
        "operator": null,
        "beds": null,
        "source": "osm",
        "osm_id": "way/455447410",
        "region_id": "kelurahan-morokrembangan",
        "region_name": "Morokrembangan"
      },
      "geometry": {
        "type": "Point",
        "coordinates": [
          112.7124377,
          -7.2347836
        ]
      }
    },
    {
      "type": "Feature",
      "id": "way/455463072",
      "properties": {
        "id": "way/455463072",
        "name": "Klinik Pratama \"BDS PACUAN KUDA\"",
        "kind": "clinic",
        "address": null,
        "phone": null,
        "operator": null,
        "beds": null,
        "source": "osm",
        "osm_id": "way/455463072",
        "region_id": "kelurahan-petemon",
        "region_name": "Petemon"
      },
      "geometry": {
        "type": "Point",
        "coordinates": [
          112.7174423,
          -7.2581462
        ]
      }
    },
    {
      "type": "Feature",
      "id": "way/455595527",
      "properties": {
        "id": "way/455595527",
        "name": "Balai Pengobaran Sawung",
        "kind": "clinic",
        "address": null,
        "phone": null,
        "operator": null,
        "beds": null,
        "source": "osm",
        "osm_id": "way/455595527",
        "region_id": "kelurahan-morokrembangan",
        "region_name": "Morokrembangan"
      },
      "geometry": {
        "type": "Point",
        "coordinates": [
          112.7115654,
          -7.2307821
        ]
      }
    },
    {
      "type": "Feature",
      "id": "way/455611437",
      "properties": {
        "id": "way/455611437",
        "name": "Posyandu Melati 2 RW 2 Sumur Welut",
        "kind": "clinic",
        "address": null,
        "phone": null,
        "operator": null,
        "beds": null,
        "source": "osm",
        "osm_id": "way/455611437",
        "region_id": "kelurahan-sumurwelut",
        "region_name": "Sumur Welut"
      },
      "geometry": {
        "type": "Point",
        "coordinates": [
          112.6740739,
          -7.3263941
        ]
      }
    },
    {
      "type": "Feature",
      "id": "way/455658137",
      "properties": {
        "id": "way/455658137",
        "name": "Rumah Sakit Wijaya",
        "kind": "hospital",
        "address": null,
        "phone": null,
        "operator": null,
        "beds": null,
        "source": "osm",
        "osm_id": "way/455658137",
        "region_id": "kelurahan-wiyung",
        "region_name": "Wiyung"
      },
      "geometry": {
        "type": "Point",
        "coordinates": [
          112.6917019,
          -7.313098
        ]
      }
    },
    {
      "type": "Feature",
      "id": "way/455665810",
      "properties": {
        "id": "way/455665810",
        "name": "Kimia Farma",
        "kind": "pharmacy",
        "address": null,
        "phone": null,
        "operator": null,
        "beds": null,
        "source": "osm",
        "osm_id": "way/455665810",
        "region_id": "kelurahan-lidahwetan",
        "region_name": "Lidah Wetan"
      },
      "geometry": {
        "type": "Point",
        "coordinates": [
          112.6660337,
          -7.3067969
        ]
      }
    },
    {
      "type": "Feature",
      "id": "way/455669193",
      "properties": {
        "id": "way/455669193",
        "name": "Klinik PHC Kebraon",
        "kind": "clinic",
        "address": null,
        "phone": null,
        "operator": null,
        "beds": null,
        "source": "osm",
        "osm_id": "way/455669193",
        "region_id": "kelurahan-kebraon",
        "region_name": "Kebraon"
      },
      "geometry": {
        "type": "Point",
        "coordinates": [
          112.7012534,
          -7.3327318
        ]
      }
    },
    {
      "type": "Feature",
      "id": "way/455672509",
      "properties": {
        "id": "way/455672509",
        "name": "Posyandu Balita Kuncup Harapan VIII",
        "kind": "clinic",
        "address": null,
        "phone": null,
        "operator": null,
        "beds": null,
        "source": "osm",
        "osm_id": "way/455672509",
        "region_id": "kelurahan-gayungan",
        "region_name": "Gayungan"
      },
      "geometry": {
        "type": "Point",
        "coordinates": [
          112.7277251,
          -7.3257669
        ]
      }
    },
    {
      "type": "Feature",
      "id": "way/456282384",
      "properties": {
        "id": "way/456282384",
        "name": "Posyandu Merpati",
        "kind": "clinic",
        "address": null,
        "phone": null,
        "operator": null,
        "beds": null,
        "source": "osm",
        "osm_id": "way/456282384",
        "region_id": "kelurahan-bangkingan",
        "region_name": "Bangkingan"
      },
      "geometry": {
        "type": "Point",
        "coordinates": [
          112.652082,
          -7.3193894
        ]
      }
    },
    {
      "type": "Feature",
      "id": "way/456282385",
      "properties": {
        "id": "way/456282385",
        "name": "Puskesmas Bangkingan",
        "kind": "clinic",
        "address": null,
        "phone": null,
        "operator": null,
        "beds": null,
        "source": "osm",
        "osm_id": "way/456282385",
        "region_id": "kelurahan-bangkingan",
        "region_name": "Bangkingan"
      },
      "geometry": {
        "type": "Point",
        "coordinates": [
          112.656109,
          -7.3249008
        ]
      }
    },
    {
      "type": "Feature",
      "id": "way/456287350",
      "properties": {
        "id": "way/456287350",
        "name": "Pos Kesehatan Kelurahan",
        "kind": "clinic",
        "address": null,
        "phone": null,
        "operator": null,
        "beds": null,
        "source": "osm",
        "osm_id": "way/456287350",
        "region_id": "kelurahan-warugunung",
        "region_name": "Warugunung"
      },
      "geometry": {
        "type": "Point",
        "coordinates": [
          112.6678542,
          -7.3501002
        ]
      }
    },
    {
      "type": "Feature",
      "id": "way/456494281",
      "properties": {
        "id": "way/456494281",
        "name": "Puskesmas Banyu Urip",
        "kind": "clinic",
        "address": null,
        "phone": null,
        "operator": null,
        "beds": null,
        "source": "osm",
        "osm_id": "way/456494281",
        "region_id": "kelurahan-banyuurip",
        "region_name": "Banyu Urip"
      },
      "geometry": {
        "type": "Point",
        "coordinates": [
          112.7200783,
          -7.2714433
        ]
      }
    },
    {
      "type": "Feature",
      "id": "way/456497978",
      "properties": {
        "id": "way/456497978",
        "name": "Surabaya Eye Clinic",
        "kind": "clinic",
        "address": null,
        "phone": null,
        "operator": null,
        "beds": null,
        "source": "osm",
        "osm_id": "way/456497978",
        "region_id": "kelurahan-jemurwonosari",
        "region_name": "Jemur Wonosari"
      },
      "geometry": {
        "type": "Point",
        "coordinates": [
          112.744921,
          -7.3219492
        ]
      }
    },
    {
      "type": "Feature",
      "id": "way/456498677",
      "properties": {
        "id": "way/456498677",
        "name": "Puskesmas Pembantu Pradah Kali Kendal",
        "kind": "clinic",
        "address": null,
        "phone": null,
        "operator": null,
        "beds": null,
        "source": "osm",
        "osm_id": "way/456498677",
        "region_id": "kelurahan-pradahkalikendal",
        "region_name": "Pradahkali Kendal"
      },
      "geometry": {
        "type": "Point",
        "coordinates": [
          112.6881604,
          -7.2837369
        ]
      }
    },
    {
      "type": "Feature",
      "id": "way/456689406",
      "properties": {
        "id": "way/456689406",
        "name": "Posyandu Melati",
        "kind": "clinic",
        "address": null,
        "phone": null,
        "operator": null,
        "beds": null,
        "source": "osm",
        "osm_id": "way/456689406",
        "region_id": "kelurahan-panjangjiwo",
        "region_name": "Panjang Jiwo"
      },
      "geometry": {
        "type": "Point",
        "coordinates": [
          112.7544745,
          -7.3137669
        ]
      }
    },
    {
      "type": "Feature",
      "id": "way/456699993",
      "properties": {
        "id": "way/456699993",
        "name": "Posyandu Ikebana 5",
        "kind": "clinic",
        "address": null,
        "phone": null,
        "operator": null,
        "beds": null,
        "source": "osm",
        "osm_id": "way/456699993",
        "region_id": "kelurahan-banyuurip",
        "region_name": "Banyu Urip"
      },
      "geometry": {
        "type": "Point",
        "coordinates": [
          112.7210324,
          -7.2742109
        ]
      }
    },
    {
      "type": "Feature",
      "id": "way/456700072",
      "properties": {
        "id": "way/456700072",
        "name": "Posyandu Ikebana 9",
        "kind": "clinic",
        "address": null,
        "phone": null,
        "operator": null,
        "beds": null,
        "source": "osm",
        "osm_id": "way/456700072",
        "region_id": "kelurahan-banyuurip",
        "region_name": "Banyu Urip"
      },
      "geometry": {
        "type": "Point",
        "coordinates": [
          112.7217868,
          -7.2731846
        ]
      }
    },
    {
      "type": "Feature",
      "id": "way/456703703",
      "properties": {
        "id": "way/456703703",
        "name": "Laboratorium Klinik PRAMITA Jemur Andayani",
        "kind": "clinic",
        "address": null,
        "phone": null,
        "operator": null,
        "beds": null,
        "source": "osm",
        "osm_id": "way/456703703",
        "region_id": "kelurahan-jemurwonosari",
        "region_name": "Jemur Wonosari"
      },
      "geometry": {
        "type": "Point",
        "coordinates": [
          112.7427359,
          -7.3287275
        ]
      }
    },
    {
      "type": "Feature",
      "id": "way/456713946",
      "properties": {
        "id": "way/456713946",
        "name": "Rs Marinir Ewa Pangalila",
        "kind": "hospital",
        "address": null,
        "phone": null,
        "operator": null,
        "beds": null,
        "source": "osm",
        "osm_id": "way/456713946",
        "region_id": "kelurahan-gunungsari",
        "region_name": "Gunungsari"
      },
      "geometry": {
        "type": "Point",
        "coordinates": [
          112.7084451,
          -7.3046746
        ]
      }
    },
    {
      "type": "Feature",
      "id": "way/456740299",
      "properties": {
        "id": "way/456740299",
        "name": "Rumah Sakit Wiyung Sejahtera",
        "kind": "hospital",
        "address": null,
        "phone": null,
        "operator": null,
        "beds": null,
        "source": "osm",
        "osm_id": "way/456740299",
        "region_id": "kelurahan-babatan",
        "region_name": "Babatan"
      },
      "geometry": {
        "type": "Point",
        "coordinates": [
          112.6879189,
          -7.3112451
        ]
      }
    },
    {
      "type": "Feature",
      "id": "way/457109445",
      "properties": {
        "id": "way/457109445",
        "name": "Rumah Sakit Ibu dan Anak IBI Surabaya",
        "kind": "hospital",
        "address": null,
        "phone": null,
        "operator": null,
        "beds": null,
        "source": "osm",
        "osm_id": "way/457109445",
        "region_id": "kelurahan-gundih",
        "region_name": "Gundih"
      },
      "geometry": {
        "type": "Point",
        "coordinates": [
          112.7277389,
          -7.2453469
        ]
      }
    },
    {
      "type": "Feature",
      "id": "way/457123400",
      "properties": {
        "id": "way/457123400",
        "name": "Rumah Sakit UPT Vertikal Surabaya",
        "kind": "hospital",
        "address": "Jalan Indrapura 17",
        "phone": null,
        "operator": "Kementerian Kesehatan RI",
        "beds": null,
        "source": "osm",
        "osm_id": "way/457123400",
        "region_id": "kelurahan-kemayoran",
        "region_name": "Kemayoran"
      },
      "geometry": {
        "type": "Point",
        "coordinates": [
          112.7310978,
          -7.240723
        ]
      }
    },
    {
      "type": "Feature",
      "id": "way/458000639",
      "properties": {
        "id": "way/458000639",
        "name": "Posyandu Melati 3",
        "kind": "clinic",
        "address": null,
        "phone": null,
        "operator": null,
        "beds": null,
        "source": "osm",
        "osm_id": "way/458000639",
        "region_id": "kelurahan-ketintang",
        "region_name": "Ketintang"
      },
      "geometry": {
        "type": "Point",
        "coordinates": [
          112.7292958,
          -7.3183333
        ]
      }
    },
    {
      "type": "Feature",
      "id": "way/458002766",
      "properties": {
        "id": "way/458002766",
        "name": "Klinik Cantik",
        "kind": "clinic",
        "address": null,
        "phone": null,
        "operator": null,
        "beds": null,
        "source": "osm",
        "osm_id": "way/458002766",
        "region_id": "kelurahan-baratajaya",
        "region_name": "Baratajaya"
      },
      "geometry": {
        "type": "Point",
        "coordinates": [
          112.7585778,
          -7.302637
        ]
      }
    },
    {
      "type": "Feature",
      "id": "way/458010414",
      "properties": {
        "id": "way/458010414",
        "name": "Puskesmas Sidosermo",
        "kind": "clinic",
        "address": null,
        "phone": null,
        "operator": null,
        "beds": null,
        "source": "osm",
        "osm_id": "way/458010414",
        "region_id": "kelurahan-sidosermo",
        "region_name": "Sidosermo"
      },
      "geometry": {
        "type": "Point",
        "coordinates": [
          112.7556756,
          -7.3073313
        ]
      }
    },
    {
      "type": "Feature",
      "id": "way/458021925",
      "properties": {
        "id": "way/458021925",
        "name": "Pos Kesehatan Kelurahan Kendangsari",
        "kind": "clinic",
        "address": null,
        "phone": null,
        "operator": null,
        "beds": null,
        "source": "osm",
        "osm_id": "way/458021925",
        "region_id": "kelurahan-kendangsari",
        "region_name": "Kendangsari"
      },
      "geometry": {
        "type": "Point",
        "coordinates": [
          112.748748,
          -7.3285632
        ]
      }
    },
    {
      "type": "Feature",
      "id": "way/458022008",
      "properties": {
        "id": "way/458022008",
        "name": "Klinik Nurani Jaya 37",
        "kind": "clinic",
        "address": null,
        "phone": null,
        "operator": null,
        "beds": null,
        "source": "osm",
        "osm_id": "way/458022008",
        "region_id": "kelurahan-kendangsari",
        "region_name": "Kendangsari"
      },
      "geometry": {
        "type": "Point",
        "coordinates": [
          112.7473882,
          -7.3282569
        ]
      }
    },
    {
      "type": "Feature",
      "id": "way/458029990",
      "properties": {
        "id": "way/458029990",
        "name": "Klinik Petemon Husada",
        "kind": "clinic",
        "address": null,
        "phone": null,
        "operator": null,
        "beds": null,
        "source": "osm",
        "osm_id": "way/458029990",
        "region_id": "kelurahan-petemon",
        "region_name": "Petemon"
      },
      "geometry": {
        "type": "Point",
        "coordinates": [
          112.7240192,
          -7.2655792
        ]
      }
    },
    {
      "type": "Feature",
      "id": "way/458235183",
      "properties": {
        "id": "way/458235183",
        "name": "RSU Bunda Surabaya",
        "kind": "hospital",
        "address": null,
        "phone": null,
        "operator": null,
        "beds": null,
        "source": "osm",
        "osm_id": "way/458235183",
        "region_id": "kelurahan-kandangan",
        "region_name": "Kandangan"
      },
      "geometry": {
        "type": "Point",
        "coordinates": [
          112.6504313,
          -7.2517325
        ]
      }
    },
    {
      "type": "Feature",
      "id": "way/458258330",
      "properties": {
        "id": "way/458258330",
        "name": "Puskesmas Pembantu Putat Jaya",
        "kind": "clinic",
        "address": null,
        "phone": null,
        "operator": null,
        "beds": null,
        "source": "osm",
        "osm_id": "way/458258330",
        "region_id": "kelurahan-putatjaya",
        "region_name": "Putat Jaya"
      },
      "geometry": {
        "type": "Point",
        "coordinates": [
          112.7221352,
          -7.2779701
        ]
      }
    },
    {
      "type": "Feature",
      "id": "way/458445205",
      "properties": {
        "id": "way/458445205",
        "name": "Puskesmas Sawahan",
        "kind": "clinic",
        "address": null,
        "phone": null,
        "operator": null,
        "beds": null,
        "source": "osm",
        "osm_id": "way/458445205",
        "region_id": "kelurahan-sawahan",
        "region_name": "Sawahan"
      },
      "geometry": {
        "type": "Point",
        "coordinates": [
          112.7277504,
          -7.2655814
        ]
      }
    },
    {
      "type": "Feature",
      "id": "way/458604522",
      "properties": {
        "id": "way/458604522",
        "name": "Posyandu Anggrek Merpati XII",
        "kind": "clinic",
        "address": null,
        "phone": null,
        "operator": null,
        "beds": null,
        "source": "osm",
        "osm_id": "way/458604522",
        "region_id": "kelurahan-dukuhmenanggal",
        "region_name": "Dukuh Menanggal"
      },
      "geometry": {
        "type": "Point",
        "coordinates": [
          112.7200297,
          -7.3427719
        ]
      }
    },
    {
      "type": "Feature",
      "id": "way/458631578",
      "properties": {
        "id": "way/458631578",
        "name": "Klinik Umum Cita Husada 2",
        "kind": "clinic",
        "address": null,
        "phone": null,
        "operator": null,
        "beds": null,
        "source": "osm",
        "osm_id": "way/458631578",
        "region_id": "kelurahan-kutisari",
        "region_name": "Kutisari"
      },
      "geometry": {
        "type": "Point",
        "coordinates": [
          112.7485076,
          -7.3330792
        ]
      }
    },
    {
      "type": "Feature",
      "id": "way/458634484",
      "properties": {
        "id": "way/458634484",
        "name": "Puskesmas Pembantu Simohilir",
        "kind": "clinic",
        "address": null,
        "phone": null,
        "operator": null,
        "beds": null,
        "source": "osm",
        "osm_id": "way/458634484",
        "region_id": "kelurahan-simomulyobaru",
        "region_name": "Simomulyo Baru"
      },
      "geometry": {
        "type": "Point",
        "coordinates": [
          112.7065548,
          -7.2732814
        ]
      }
    },
    {
      "type": "Feature",
      "id": "way/458637628",
      "properties": {
        "id": "way/458637628",
        "name": "Puskesmas Pembantu Petemon",
        "kind": "clinic",
        "address": null,
        "phone": null,
        "operator": null,
        "beds": null,
        "source": "osm",
        "osm_id": "way/458637628",
        "region_id": "kelurahan-petemon",
        "region_name": "Petemon"
      },
      "geometry": {
        "type": "Point",
        "coordinates": [
          112.7224962,
          -7.2590682
        ]
      }
    },
    {
      "type": "Feature",
      "id": "way/458638279",
      "properties": {
        "id": "way/458638279",
        "name": "Posyandu Ikebana 3",
        "kind": "clinic",
        "address": null,
        "phone": null,
        "operator": null,
        "beds": null,
        "source": "osm",
        "osm_id": "way/458638279",
        "region_id": "kelurahan-banyuurip",
        "region_name": "Banyu Urip"
      },
      "geometry": {
        "type": "Point",
        "coordinates": [
          112.7232721,
          -7.2736336
        ]
      }
    },
    {
      "type": "Feature",
      "id": "way/458638290",
      "properties": {
        "id": "way/458638290",
        "name": "Posyandu Ikebana",
        "kind": "clinic",
        "address": null,
        "phone": null,
        "operator": null,
        "beds": null,
        "source": "osm",
        "osm_id": "way/458638290",
        "region_id": "kelurahan-banyuurip",
        "region_name": "Banyu Urip"
      },
      "geometry": {
        "type": "Point",
        "coordinates": [
          112.7214171,
          -7.2756392
        ]
      }
    },
    {
      "type": "Feature",
      "id": "way/458639570",
      "properties": {
        "id": "way/458639570",
        "name": "RSIA Kendangsari",
        "kind": "hospital",
        "address": null,
        "phone": null,
        "operator": null,
        "beds": null,
        "source": "osm",
        "osm_id": "way/458639570",
        "region_id": "kelurahan-kendangsari",
        "region_name": "Kendangsari"
      },
      "geometry": {
        "type": "Point",
        "coordinates": [
          112.7455018,
          -7.3253317
        ]
      }
    },
    {
      "type": "Feature",
      "id": "way/458669729",
      "properties": {
        "id": "way/458669729",
        "name": "Puskesmas Pembantu Simo Katrungan",
        "kind": "clinic",
        "address": null,
        "phone": null,
        "operator": null,
        "beds": null,
        "source": "osm",
        "osm_id": "way/458669729",
        "region_id": "kelurahan-banyuurip",
        "region_name": "Banyu Urip"
      },
      "geometry": {
        "type": "Point",
        "coordinates": [
          112.7142863,
          -7.2695128
        ]
      }
    },
    {
      "type": "Feature",
      "id": "way/459474104",
      "properties": {
        "id": "way/459474104",
        "name": "Puskesmas Pembantu Gunungsari",
        "kind": "clinic",
        "address": null,
        "phone": null,
        "operator": null,
        "beds": null,
        "source": "osm",
        "osm_id": "way/459474104",
        "region_id": "kelurahan-gunungsari",
        "region_name": "Gunungsari"
      },
      "geometry": {
        "type": "Point",
        "coordinates": [
          112.7204895,
          -7.2955884
        ]
      }
    },
    {
      "type": "Feature",
      "id": "way/459478993",
      "properties": {
        "id": "way/459478993",
        "name": "Posyandu Roro Mendhut",
        "kind": "clinic",
        "address": null,
        "phone": null,
        "operator": null,
        "beds": null,
        "source": "osm",
        "osm_id": "way/459478993",
        "region_id": "kelurahan-penjaringansari",
        "region_name": "Penjaringan Sari"
      },
      "geometry": {
        "type": "Point",
        "coordinates": [
          112.7889494,
          -7.3245082
        ]
      }
    },
    {
      "type": "Feature",
      "id": "way/459481999",
      "properties": {
        "id": "way/459481999",
        "name": "Rumah Sakit Marinir Ewa Panggalila",
        "kind": "hospital",
        "address": null,
        "phone": null,
        "operator": null,
        "beds": null,
        "source": "osm",
        "osm_id": "way/459481999",
        "region_id": "kelurahan-gunungsari",
        "region_name": "Gunungsari"
      },
      "geometry": {
        "type": "Point",
        "coordinates": [
          112.7081883,
          -7.3037338
        ]
      }
    },
    {
      "type": "Feature",
      "id": "way/459482003",
      "properties": {
        "id": "way/459482003",
        "name": "Klinik Pratama Gunungsari",
        "kind": "clinic",
        "address": null,
        "phone": null,
        "operator": null,
        "beds": null,
        "source": "osm",
        "osm_id": "way/459482003",
        "region_id": "kelurahan-gunungsari",
        "region_name": "Gunungsari"
      },
      "geometry": {
        "type": "Point",
        "coordinates": [
          112.7099517,
          -7.3060142
        ]
      }
    },
    {
      "type": "Feature",
      "id": "way/459492026",
      "properties": {
        "id": "way/459492026",
        "name": "Klinik Pratama Am Nur",
        "kind": "clinic",
        "address": null,
        "phone": null,
        "operator": null,
        "beds": null,
        "source": "osm",
        "osm_id": "way/459492026",
        "region_id": "kelurahan-simomulyo",
        "region_name": "Simomulyo"
      },
      "geometry": {
        "type": "Point",
        "coordinates": [
          112.7114557,
          -7.2607121
        ]
      }
    },
    {
      "type": "Feature",
      "id": "way/459525939",
      "properties": {
        "id": "way/459525939",
        "name": "Puskesmas Simomulyo",
        "kind": "clinic",
        "address": null,
        "phone": null,
        "operator": null,
        "beds": null,
        "source": "osm",
        "osm_id": "way/459525939",
        "region_id": "kelurahan-simomulyo",
        "region_name": "Simomulyo"
      },
      "geometry": {
        "type": "Point",
        "coordinates": [
          112.7120093,
          -7.2624604
        ]
      }
    },
    {
      "type": "Feature",
      "id": "way/459683506",
      "properties": {
        "id": "way/459683506",
        "name": "Puskesmas Pembantu Babatan",
        "kind": "clinic",
        "address": null,
        "phone": null,
        "operator": null,
        "beds": null,
        "source": "osm",
        "osm_id": "way/459683506",
        "region_id": "kelurahan-babatan",
        "region_name": "Babatan"
      },
      "geometry": {
        "type": "Point",
        "coordinates": [
          112.6749751,
          -7.3096808
        ]
      }
    },
    {
      "type": "Feature",
      "id": "way/459700974",
      "properties": {
        "id": "way/459700974",
        "name": "Pos Kesehatan Keluarga",
        "kind": "clinic",
        "address": null,
        "phone": null,
        "operator": null,
        "beds": null,
        "source": "osm",
        "osm_id": "way/459700974",
        "region_id": "kelurahan-kandangan",
        "region_name": "Kandangan"
      },
      "geometry": {
        "type": "Point",
        "coordinates": [
          112.6561328,
          -7.2572721
        ]
      }
    },
    {
      "type": "Feature",
      "id": "way/459709704",
      "properties": {
        "id": "way/459709704",
        "name": "Puskesmas Pembantu Banjar Sugihan",
        "kind": "clinic",
        "address": null,
        "phone": null,
        "operator": null,
        "beds": null,
        "source": "osm",
        "osm_id": "way/459709704",
        "region_id": "kelurahan-banjarsugihan",
        "region_name": "Banjar Sugihan"
      },
      "geometry": {
        "type": "Point",
        "coordinates": [
          112.6607069,
          -7.2584667
        ]
      }
    },
    {
      "type": "Feature",
      "id": "way/459740266",
      "properties": {
        "id": "way/459740266",
        "name": "Posyandu Gunung Bromo",
        "kind": "clinic",
        "address": null,
        "phone": null,
        "operator": null,
        "beds": null,
        "source": "osm",
        "osm_id": "way/459740266",
        "region_id": "kelurahan-kandangan",
        "region_name": "Kandangan"
      },
      "geometry": {
        "type": "Point",
        "coordinates": [
          112.6470329,
          -7.2490462
        ]
      }
    },
    {
      "type": "Feature",
      "id": "way/459917161",
      "properties": {
        "id": "way/459917161",
        "name": "Posyandu Kencur 2",
        "kind": "clinic",
        "address": null,
        "phone": null,
        "operator": null,
        "beds": null,
        "source": "osm",
        "osm_id": "way/459917161",
        "region_id": "kelurahan-tenggilismejoyo",
        "region_name": "Tenggilis Mejoyo"
      },
      "geometry": {
        "type": "Point",
        "coordinates": [
          112.7615729,
          -7.3164173
        ]
      }
    },
    {
      "type": "Feature",
      "id": "way/459928185",
      "properties": {
        "id": "way/459928185",
        "name": "Larissa Aesthetic Center Tenggilis",
        "kind": "clinic",
        "address": null,
        "phone": null,
        "operator": null,
        "beds": null,
        "source": "osm",
        "osm_id": "way/459928185",
        "region_id": "kelurahan-tenggilismejoyo",
        "region_name": "Tenggilis Mejoyo"
      },
      "geometry": {
        "type": "Point",
        "coordinates": [
          112.7548191,
          -7.3200163
        ]
      }
    },
    {
      "type": "Feature",
      "id": "way/459928328",
      "properties": {
        "id": "way/459928328",
        "name": "Apotek Reysha Farma",
        "kind": "pharmacy",
        "address": null,
        "phone": null,
        "operator": null,
        "beds": null,
        "source": "osm",
        "osm_id": "way/459928328",
        "region_id": "kelurahan-rungkutmenanggal",
        "region_name": "Rungkut Menanggal"
      },
      "geometry": {
        "type": "Point",
        "coordinates": [
          112.7753157,
          -7.3380996
        ]
      }
    },
    {
      "type": "Feature",
      "id": "way/459958973",
      "properties": {
        "id": "way/459958973",
        "name": "Klinik Pusura",
        "kind": "clinic",
        "address": null,
        "phone": null,
        "operator": null,
        "beds": null,
        "source": "osm",
        "osm_id": "way/459958973",
        "region_id": "kelurahan-balongsari",
        "region_name": "Balongsari"
      },
      "geometry": {
        "type": "Point",
        "coordinates": [
          112.6779614,
          -7.2608338
        ]
      }
    },
    {
      "type": "Feature",
      "id": "way/459970502",
      "properties": {
        "id": "way/459970502",
        "name": "Toko Obat Panjang Jiwo",
        "kind": "pharmacy",
        "address": null,
        "phone": null,
        "operator": null,
        "beds": null,
        "source": "osm",
        "osm_id": "way/459970502",
        "region_id": "kelurahan-panjangjiwo",
        "region_name": "Panjang Jiwo"
      },
      "geometry": {
        "type": "Point",
        "coordinates": [
          112.7667028,
          -7.3125135
        ]
      }
    },
    {
      "type": "Feature",
      "id": "way/459976950",
      "properties": {
        "id": "way/459976950",
        "name": "Klinik Pratama",
        "kind": "clinic",
        "address": null,
        "phone": null,
        "operator": null,
        "beds": null,
        "source": "osm",
        "osm_id": "way/459976950",
        "region_id": "kelurahan-dukuhkupang",
        "region_name": "Dukuh Kupang"
      },
      "geometry": {
        "type": "Point",
        "coordinates": [
          112.7107246,
          -7.2850691
        ]
      }
    },
    {
      "type": "Feature",
      "id": "way/459976960",
      "properties": {
        "id": "way/459976960",
        "name": "Puskesmas Dukuh Kupang",
        "kind": "clinic",
        "address": null,
        "phone": null,
        "operator": null,
        "beds": null,
        "source": "osm",
        "osm_id": "way/459976960",
        "region_id": "kelurahan-dukuhkupang",
        "region_name": "Dukuh Kupang"
      },
      "geometry": {
        "type": "Point",
        "coordinates": [
          112.7122697,
          -7.283233
        ]
      }
    },
    {
      "type": "Feature",
      "id": "way/460435672",
      "properties": {
        "id": "way/460435672",
        "name": "Posyandu Lansia Seroja",
        "kind": "clinic",
        "address": null,
        "phone": null,
        "operator": null,
        "beds": null,
        "source": "osm",
        "osm_id": "way/460435672",
        "region_id": "kelurahan-sumberrejo",
        "region_name": "Sumberrejo"
      },
      "geometry": {
        "type": "Point",
        "coordinates": [
          112.6156227,
          -7.2247944
        ]
      }
    },
    {
      "type": "Feature",
      "id": "way/460452633",
      "properties": {
        "id": "way/460452633",
        "name": "Klinik Dokter Eko",
        "kind": "clinic",
        "address": null,
        "phone": null,
        "operator": null,
        "beds": null,
        "source": "osm",
        "osm_id": "way/460452633",
        "region_id": "kelurahan-manukankulon",
        "region_name": "Manukan Kulon"
      },
      "geometry": {
        "type": "Point",
        "coordinates": [
          112.6651877,
          -7.2598627
        ]
      }
    },
    {
      "type": "Feature",
      "id": "way/460452660",
      "properties": {
        "id": "way/460452660",
        "name": "Klinik Manukan",
        "kind": "clinic",
        "address": null,
        "phone": null,
        "operator": null,
        "beds": null,
        "source": "osm",
        "osm_id": "way/460452660",
        "region_id": "kelurahan-manukankulon",
        "region_name": "Manukan Kulon"
      },
      "geometry": {
        "type": "Point",
        "coordinates": [
          112.6650026,
          -7.260159
        ]
      }
    },
    {
      "type": "Feature",
      "id": "way/460456690",
      "properties": {
        "id": "way/460456690",
        "name": "Puskesmas Pembantu Sumberrejo",
        "kind": "clinic",
        "address": null,
        "phone": null,
        "operator": "Ministry of Health",
        "beds": null,
        "source": "osm",
        "osm_id": "way/460456690",
        "region_id": "kelurahan-sumberrejo",
        "region_name": "Sumberrejo"
      },
      "geometry": {
        "type": "Point",
        "coordinates": [
          112.6063314,
          -7.226615
        ]
      }
    },
    {
      "type": "Feature",
      "id": "way/460476420",
      "properties": {
        "id": "way/460476420",
        "name": "Posyandu Gotong Royong II",
        "kind": "clinic",
        "address": null,
        "phone": null,
        "operator": null,
        "beds": null,
        "source": "osm",
        "osm_id": "way/460476420",
        "region_id": "kelurahan-pakal",
        "region_name": "Pakal"
      },
      "geometry": {
        "type": "Point",
        "coordinates": [
          112.6174056,
          -7.2435441
        ]
      }
    },
    {
      "type": "Feature",
      "id": "way/460664800",
      "properties": {
        "id": "way/460664800",
        "name": "RSUD Eka Candrarini",
        "kind": "hospital",
        "address": null,
        "phone": null,
        "operator": "Pemerintah Kota Surabaya",
        "beds": null,
        "source": "osm",
        "osm_id": "way/460664800",
        "region_id": "kelurahan-kalirungkut",
        "region_name": "Kali Rungkut"
      },
      "geometry": {
        "type": "Point",
        "coordinates": [
          112.7838393,
          -7.3272735
        ]
      }
    },
    {
      "type": "Feature",
      "id": "way/460664973",
      "properties": {
        "id": "way/460664973",
        "name": "Posyandu Sedap Malam",
        "kind": "clinic",
        "address": null,
        "phone": null,
        "operator": null,
        "beds": null,
        "source": "osm",
        "osm_id": "way/460664973",
        "region_id": "kelurahan-rungkuttengah",
        "region_name": "Rungkut Tengah"
      },
      "geometry": {
        "type": "Point",
        "coordinates": [
          112.7706133,
          -7.3323931
        ]
      }
    },
    {
      "type": "Feature",
      "id": "way/460673093",
      "properties": {
        "id": "way/460673093",
        "name": "Klinik PHC Benowo",
        "kind": "clinic",
        "address": null,
        "phone": null,
        "operator": null,
        "beds": null,
        "source": "osm",
        "osm_id": "way/460673093",
        "region_id": "kelurahan-babatjerawat",
        "region_name": "Babat Jerawat"
      },
      "geometry": {
        "type": "Point",
        "coordinates": [
          112.6272867,
          -7.2367007
        ]
      }
    },
    {
      "type": "Feature",
      "id": "way/460847334",
      "properties": {
        "id": "way/460847334",
        "name": "Puskesmas Pembantu Bendul Merisi",
        "kind": "clinic",
        "address": null,
        "phone": null,
        "operator": null,
        "beds": null,
        "source": "osm",
        "osm_id": "way/460847334",
        "region_id": "kelurahan-bendulmerisi",
        "region_name": "Bendul Merisi"
      },
      "geometry": {
        "type": "Point",
        "coordinates": [
          112.7450055,
          -7.3068048
        ]
      }
    },
    {
      "type": "Feature",
      "id": "way/460853355",
      "properties": {
        "id": "way/460853355",
        "name": "Klinik Pratama Yayasan BK3S Jatim",
        "kind": "clinic",
        "address": null,
        "phone": null,
        "operator": null,
        "beds": null,
        "source": "osm",
        "osm_id": "way/460853355",
        "region_id": "kelurahan-tenggilismejoyo",
        "region_name": "Tenggilis Mejoyo"
      },
      "geometry": {
        "type": "Point",
        "coordinates": [
          112.7537806,
          -7.3209183
        ]
      }
    },
    {
      "type": "Feature",
      "id": "way/460853356",
      "properties": {
        "id": "way/460853356",
        "name": "Klinik Utama El Shafi",
        "kind": "clinic",
        "address": null,
        "phone": null,
        "operator": null,
        "beds": null,
        "source": "osm",
        "osm_id": "way/460853356",
        "region_id": "kelurahan-kendangsari",
        "region_name": "Kendangsari"
      },
      "geometry": {
        "type": "Point",
        "coordinates": [
          112.7469606,
          -7.3207923
        ]
      }
    },
    {
      "type": "Feature",
      "id": "way/461053157",
      "properties": {
        "id": "way/461053157",
        "name": "klinik Cipta Husada medika",
        "kind": "clinic",
        "address": null,
        "phone": null,
        "operator": null,
        "beds": null,
        "source": "osm",
        "osm_id": "way/461053157",
        "region_id": "kelurahan-sidosermo",
        "region_name": "Sidosermo"
      },
      "geometry": {
        "type": "Point",
        "coordinates": [
          112.7501595,
          -7.3121608
        ]
      }
    },
    {
      "type": "Feature",
      "id": "way/461091984",
      "properties": {
        "id": "way/461091984",
        "name": "Klinik Pratama RBG RZ",
        "kind": "clinic",
        "address": null,
        "phone": null,
        "operator": null,
        "beds": null,
        "source": "osm",
        "osm_id": "way/461091984",
        "region_id": "kelurahan-sidosermo",
        "region_name": "Sidosermo"
      },
      "geometry": {
        "type": "Point",
        "coordinates": [
          112.7503422,
          -7.3089742
        ]
      }
    },
    {
      "type": "Feature",
      "id": "way/461264992",
      "properties": {
        "id": "way/461264992",
        "name": "Posyandu Lanjut Usia",
        "kind": "clinic",
        "address": null,
        "phone": null,
        "operator": null,
        "beds": null,
        "source": "osm",
        "osm_id": "way/461264992",
        "region_id": "kelurahan-menanggal",
        "region_name": "Menanggal"
      },
      "geometry": {
        "type": "Point",
        "coordinates": [
          112.7254506,
          -7.3415611
        ]
      }
    },
    {
      "type": "Feature",
      "id": "way/461269085",
      "properties": {
        "id": "way/461269085",
        "name": "Rumah Bersalin Puri Permata Twins",
        "kind": "clinic",
        "address": null,
        "phone": null,
        "operator": null,
        "beds": null,
        "source": "osm",
        "osm_id": "way/461269085",
        "region_id": "kelurahan-bendulmerisi",
        "region_name": "Bendul Merisi"
      },
      "geometry": {
        "type": "Point",
        "coordinates": [
          112.7445417,
          -7.3119125
        ]
      }
    },
    {
      "type": "Feature",
      "id": "way/461269463",
      "properties": {
        "id": "way/461269463",
        "name": "Rumah Sakit Royal Surabaya",
        "kind": "hospital",
        "address": "Jalan Rungkut Industri I 1",
        "phone": "+62 31 8476111",
        "operator": null,
        "beds": null,
        "source": "osm",
        "osm_id": "way/461269463",
        "region_id": "kelurahan-kendangsari",
        "region_name": "Kendangsari"
      },
      "geometry": {
        "type": "Point",
        "coordinates": [
          112.7509277,
          -7.328807
        ]
      }
    },
    {
      "type": "Feature",
      "id": "way/461272773",
      "properties": {
        "id": "way/461272773",
        "name": "Puskesmas Balongsari",
        "kind": "clinic",
        "address": null,
        "phone": null,
        "operator": "Ministry of Health",
        "beds": null,
        "source": "osm",
        "osm_id": "way/461272773",
        "region_id": "kelurahan-balongsari",
        "region_name": "Balongsari"
      },
      "geometry": {
        "type": "Point",
        "coordinates": [
          112.6783194,
          -7.259211
        ]
      }
    },
    {
      "type": "Feature",
      "id": "way/461276957",
      "properties": {
        "id": "way/461276957",
        "name": "Klinik Usada Buana",
        "kind": "clinic",
        "address": null,
        "phone": null,
        "operator": null,
        "beds": null,
        "source": "osm",
        "osm_id": "way/461276957",
        "region_id": "kelurahan-dukuhmenanggal",
        "region_name": "Dukuh Menanggal"
      },
      "geometry": {
        "type": "Point",
        "coordinates": [
          112.72338,
          -7.3449974
        ]
      }
    },
    {
      "type": "Feature",
      "id": "way/461277744",
      "properties": {
        "id": "way/461277744",
        "name": "Puskesmas Pembantu Kandangan",
        "kind": "clinic",
        "address": null,
        "phone": null,
        "operator": null,
        "beds": null,
        "source": "osm",
        "osm_id": "way/461277744",
        "region_id": "kelurahan-kandangan",
        "region_name": "Kandangan"
      },
      "geometry": {
        "type": "Point",
        "coordinates": [
          112.6526735,
          -7.2516177
        ]
      }
    },
    {
      "type": "Feature",
      "id": "way/461297566",
      "properties": {
        "id": "way/461297566",
        "name": "Faskes Tingkat 1 Klinik Nurani Jaya 83",
        "kind": "clinic",
        "address": null,
        "phone": null,
        "operator": null,
        "beds": null,
        "source": "osm",
        "osm_id": "way/461297566",
        "region_id": "kelurahan-rungkutmenanggal",
        "region_name": "Rungkut Menanggal"
      },
      "geometry": {
        "type": "Point",
        "coordinates": [
          112.7695536,
          -7.3385165
        ]
      }
    },
    {
      "type": "Feature",
      "id": "way/461311530",
      "properties": {
        "id": "way/461311530",
        "name": "Posyandu Lansia Puspita RW I",
        "kind": "clinic",
        "address": null,
        "phone": null,
        "operator": null,
        "beds": null,
        "source": "osm",
        "osm_id": "way/461311530",
        "region_id": "kelurahan-kandangan",
        "region_name": "Kandangan"
      },
      "geometry": {
        "type": "Point",
        "coordinates": [
          112.6514478,
          -7.2550783
        ]
      }
    },
    {
      "type": "Feature",
      "id": "way/461326425",
      "properties": {
        "id": "way/461326425",
        "name": "(tanpa nama)",
        "kind": "hospital",
        "address": null,
        "phone": null,
        "operator": null,
        "beds": null,
        "source": "osm",
        "osm_id": "way/461326425",
        "region_id": "kelurahan-sawunggaling",
        "region_name": "Sawunggaling"
      },
      "geometry": {
        "type": "Point",
        "coordinates": [
          112.7243902,
          -7.2979759
        ]
      }
    },
    {
      "type": "Feature",
      "id": "way/462012644",
      "properties": {
        "id": "way/462012644",
        "name": "RSIA Graha Medika",
        "kind": "hospital",
        "address": null,
        "phone": null,
        "operator": null,
        "beds": null,
        "source": "osm",
        "osm_id": "way/462012644",
        "region_id": "kelurahan-babatan",
        "region_name": "Babatan"
      },
      "geometry": {
        "type": "Point",
        "coordinates": [
          112.6815596,
          -7.3124034
        ]
      }
    },
    {
      "type": "Feature",
      "id": "way/462281653",
      "properties": {
        "id": "way/462281653",
        "name": "Posyandu Mawar",
        "kind": "clinic",
        "address": null,
        "phone": null,
        "operator": null,
        "beds": null,
        "source": "osm",
        "osm_id": "way/462281653",
        "region_id": "kelurahan-karangpoh",
        "region_name": "Karangpoh"
      },
      "geometry": {
        "type": "Point",
        "coordinates": [
          112.6774827,
          -7.2706677
        ]
      }
    },
    {
      "type": "Feature",
      "id": "way/462285622",
      "properties": {
        "id": "way/462285622",
        "name": "Posyandu Durian",
        "kind": "clinic",
        "address": null,
        "phone": null,
        "operator": "Posyandu",
        "beds": null,
        "source": "osm",
        "osm_id": "way/462285622",
        "region_id": "kelurahan-babatjerawat",
        "region_name": "Babat Jerawat"
      },
      "geometry": {
        "type": "Point",
        "coordinates": [
          112.6290534,
          -7.2357613
        ]
      }
    },
    {
      "type": "Feature",
      "id": "way/462285627",
      "properties": {
        "id": "way/462285627",
        "name": "3D Clinic Pakal",
        "kind": "clinic",
        "address": null,
        "phone": null,
        "operator": null,
        "beds": null,
        "source": "osm",
        "osm_id": "way/462285627",
        "region_id": "kelurahan-pakal",
        "region_name": "Pakal"
      },
      "geometry": {
        "type": "Point",
        "coordinates": [
          112.6260209,
          -7.2494632
        ]
      }
    },
    {
      "type": "Feature",
      "id": "way/462684729",
      "properties": {
        "id": "way/462684729",
        "name": "Puskesmas Pembantu Margorejo",
        "kind": "clinic",
        "address": null,
        "phone": null,
        "operator": null,
        "beds": null,
        "source": "osm",
        "osm_id": "way/462684729",
        "region_id": "kelurahan-margorejo",
        "region_name": "Margorejo"
      },
      "geometry": {
        "type": "Point",
        "coordinates": [
          112.7363203,
          -7.3142558
        ]
      }
    },
    {
      "type": "Feature",
      "id": "way/462687018",
      "properties": {
        "id": "way/462687018",
        "name": "Puskemas Manukan Kulon",
        "kind": "clinic",
        "address": null,
        "phone": null,
        "operator": null,
        "beds": null,
        "source": "osm",
        "osm_id": "way/462687018",
        "region_id": "kelurahan-manukankulon",
        "region_name": "Manukan Kulon"
      },
      "geometry": {
        "type": "Point",
        "coordinates": [
          112.6688961,
          -7.2630337
        ]
      }
    },
    {
      "type": "Feature",
      "id": "way/462688134",
      "properties": {
        "id": "way/462688134",
        "name": "Klinik Reiki dan Ling-Chi",
        "kind": "clinic",
        "address": null,
        "phone": null,
        "operator": null,
        "beds": null,
        "source": "osm",
        "osm_id": "way/462688134",
        "region_id": "kelurahan-kutisari",
        "region_name": "Kutisari"
      },
      "geometry": {
        "type": "Point",
        "coordinates": [
          112.743154,
          -7.3345586
        ]
      }
    },
    {
      "type": "Feature",
      "id": "way/462690555",
      "properties": {
        "id": "way/462690555",
        "name": "Puskesmas Pembantu Buntaran",
        "kind": "clinic",
        "address": null,
        "phone": null,
        "operator": null,
        "beds": null,
        "source": "osm",
        "osm_id": "way/462690555",
        "region_id": "kelurahan-manukanwetan",
        "region_name": "Manukan Wetan"
      },
      "geometry": {
        "type": "Point",
        "coordinates": [
          112.673127,
          -7.2495158
        ]
      }
    },
    {
      "type": "Feature",
      "id": "way/462702755",
      "properties": {
        "id": "way/462702755",
        "name": "Rumah Sakit Muji Rahayu",
        "kind": "hospital",
        "address": "Jl. Raya Manukan Wetan 68 - 68A",
        "phone": null,
        "operator": "Private",
        "beds": null,
        "source": "osm",
        "osm_id": "way/462702755",
        "region_id": "kelurahan-manukanwetan",
        "region_name": "Manukan Wetan"
      },
      "geometry": {
        "type": "Point",
        "coordinates": [
          112.6708713,
          -7.2570063
        ]
      }
    },
    {
      "type": "Feature",
      "id": "way/462704784",
      "properties": {
        "id": "way/462704784",
        "name": "Rumah Sakit Islam Surabaya",
        "kind": "hospital",
        "address": null,
        "phone": null,
        "operator": null,
        "beds": null,
        "source": "osm",
        "osm_id": "way/462704784",
        "region_id": "kelurahan-wonokromo",
        "region_name": "Wonokromo"
      },
      "geometry": {
        "type": "Point",
        "coordinates": [
          112.734857,
          -7.3063163
        ]
      }
    },
    {
      "type": "Feature",
      "id": "way/463387641",
      "properties": {
        "id": "way/463387641",
        "name": "RSIA Cempaka Putih Permata",
        "kind": "hospital",
        "address": null,
        "phone": null,
        "operator": null,
        "beds": null,
        "source": "osm",
        "osm_id": "way/463387641",
        "region_id": "kelurahan-jambangan",
        "region_name": "Jambangan"
      },
      "geometry": {
        "type": "Point",
        "coordinates": [
          112.7137283,
          -7.3215391
        ]
      }
    },
    {
      "type": "Feature",
      "id": "way/463401889",
      "properties": {
        "id": "way/463401889",
        "name": "Puskesmas Pembantu Pakal",
        "kind": "clinic",
        "address": null,
        "phone": null,
        "operator": null,
        "beds": null,
        "source": "osm",
        "osm_id": "way/463401889",
        "region_id": "kelurahan-pakal",
        "region_name": "Pakal"
      },
      "geometry": {
        "type": "Point",
        "coordinates": [
          112.6158418,
          -7.2422948
        ]
      }
    },
    {
      "type": "Feature",
      "id": "way/463561564",
      "properties": {
        "id": "way/463561564",
        "name": "RSIA Lombok Dua Dua Surabaya",
        "kind": "hospital",
        "address": null,
        "phone": null,
        "operator": null,
        "beds": null,
        "source": "osm",
        "osm_id": "way/463561564",
        "region_id": "kelurahan-ngagel",
        "region_name": "Ngagel"
      },
      "geometry": {
        "type": "Point",
        "coordinates": [
          112.7489193,
          -7.2784836
        ]
      }
    },
    {
      "type": "Feature",
      "id": "way/463573274",
      "properties": {
        "id": "way/463573274",
        "name": "TLC (Total Life Clinic)",
        "kind": "clinic",
        "address": "Jalan Bogowonto No.16",
        "phone": null,
        "operator": null,
        "beds": null,
        "source": "osm",
        "osm_id": "way/463573274",
        "region_id": "kelurahan-darmo",
        "region_name": "Darmo"
      },
      "geometry": {
        "type": "Point",
        "coordinates": [
          112.7344518,
          -7.288203
        ]
      }
    },
    {
      "type": "Feature",
      "id": "way/463796368",
      "properties": {
        "id": "way/463796368",
        "name": "Klinik Nayaka Husada",
        "kind": "clinic",
        "address": null,
        "phone": null,
        "operator": null,
        "beds": null,
        "source": "osm",
        "osm_id": "way/463796368",
        "region_id": "kelurahan-tandes",
        "region_name": "Tandes"
      },
      "geometry": {
        "type": "Point",
        "coordinates": [
          112.6840606,
          -7.2635077
        ]
      }
    },
    {
      "type": "Feature",
      "id": "way/463796369",
      "properties": {
        "id": "way/463796369",
        "name": "Posyandu Sekar Sari",
        "kind": "clinic",
        "address": null,
        "phone": null,
        "operator": null,
        "beds": null,
        "source": "osm",
        "osm_id": "way/463796369",
        "region_id": "kelurahan-tandes",
        "region_name": "Tandes"
      },
      "geometry": {
        "type": "Point",
        "coordinates": [
          112.6856935,
          -7.2614635
        ]
      }
    },
    {
      "type": "Feature",
      "id": "way/463796371",
      "properties": {
        "id": "way/463796371",
        "name": "Puskesmas Tanjungsari",
        "kind": "clinic",
        "address": null,
        "phone": null,
        "operator": null,
        "beds": null,
        "source": "osm",
        "osm_id": "way/463796371",
        "region_id": "kelurahan-tanjungsari",
        "region_name": "Tanjungsari"
      },
      "geometry": {
        "type": "Point",
        "coordinates": [
          112.6892656,
          -7.2595014
        ]
      }
    },
    {
      "type": "Feature",
      "id": "way/463994509",
      "properties": {
        "id": "way/463994509",
        "name": "Klinik Utama Pusura Rungkut",
        "kind": "clinic",
        "address": "Jl. Rungkut Asri Tengah 2",
        "phone": null,
        "operator": null,
        "beds": null,
        "source": "osm",
        "osm_id": "way/463994509",
        "region_id": "kelurahan-rungkutkidul",
        "region_name": "Rungkut Kidul"
      },
      "geometry": {
        "type": "Point",
        "coordinates": [
          112.7752518,
          -7.3280744
        ]
      }
    },
    {
      "type": "Feature",
      "id": "way/464048633",
      "properties": {
        "id": "way/464048633",
        "name": "RSU Bhakti Rahayu",
        "kind": "hospital",
        "address": null,
        "phone": null,
        "operator": null,
        "beds": null,
        "source": "osm",
        "osm_id": "way/464048633",
        "region_id": "kelurahan-ketintang",
        "region_name": "Ketintang"
      },
      "geometry": {
        "type": "Point",
        "coordinates": [
          112.7229563,
          -7.3120132
        ]
      }
    },
    {
      "type": "Feature",
      "id": "way/464057071",
      "properties": {
        "id": "way/464057071",
        "name": "Rumah Sakit Mata Masyarakat Jawa Timur",
        "kind": "hospital",
        "address": null,
        "phone": null,
        "operator": null,
        "beds": null,
        "source": "osm",
        "osm_id": "way/464057071",
        "region_id": "kelurahan-ketintang",
        "region_name": "Ketintang"
      },
      "geometry": {
        "type": "Point",
        "coordinates": [
          112.7255981,
          -7.3261478
        ]
      }
    },
    {
      "type": "Feature",
      "id": "way/464566820",
      "properties": {
        "id": "way/464566820",
        "name": "RSUD Dr. Soetomo",
        "kind": "hospital",
        "address": null,
        "phone": null,
        "operator": null,
        "beds": null,
        "source": "osm",
        "osm_id": "way/464566820",
        "region_id": "kelurahan-airlangga",
        "region_name": "Airlangga"
      },
      "geometry": {
        "type": "Point",
        "coordinates": [
          112.7583031,
          -7.2682181
        ]
      }
    },
    {
      "type": "Feature",
      "id": "way/464630285",
      "properties": {
        "id": "way/464630285",
        "name": "Rumah Sakit William Booth Surabaya",
        "kind": "hospital",
        "address": "Jalan Diponegoro 34",
        "phone": null,
        "operator": null,
        "beds": null,
        "source": "osm",
        "osm_id": "way/464630285",
        "region_id": "kelurahan-darmo",
        "region_name": "Darmo"
      },
      "geometry": {
        "type": "Point",
        "coordinates": [
          112.7372722,
          -7.2912022
        ]
      }
    },
    {
      "type": "Feature",
      "id": "way/465103030",
      "properties": {
        "id": "way/465103030",
        "name": "Posyandu Graha Kencana",
        "kind": "clinic",
        "address": null,
        "phone": null,
        "operator": null,
        "beds": null,
        "source": "osm",
        "osm_id": "way/465103030",
        "region_id": "kelurahan-sumberrejo",
        "region_name": "Sumberrejo"
      },
      "geometry": {
        "type": "Point",
        "coordinates": [
          112.6061761,
          -7.2314758
        ]
      }
    },
    {
      "type": "Feature",
      "id": "way/465114884",
      "properties": {
        "id": "way/465114884",
        "name": "Poskeskel Kelurahan Romokalisari",
        "kind": "clinic",
        "address": null,
        "phone": null,
        "operator": null,
        "beds": null,
        "source": "osm",
        "osm_id": "way/465114884",
        "region_id": "kelurahan-romokalisari",
        "region_name": "Romokalisari"
      },
      "geometry": {
        "type": "Point",
        "coordinates": [
          112.625748,
          -7.198663
        ]
      }
    },
    {
      "type": "Feature",
      "id": "way/465117740",
      "properties": {
        "id": "way/465117740",
        "name": "RSAU SOEMITRO",
        "kind": "hospital",
        "address": null,
        "phone": null,
        "operator": null,
        "beds": null,
        "source": "osm",
        "osm_id": "way/465117740",
        "region_id": "kelurahan-darmo",
        "region_name": "Darmo"
      },
      "geometry": {
        "type": "Point",
        "coordinates": [
          112.7409612,
          -7.2915348
        ]
      }
    },
    {
      "type": "Feature",
      "id": "way/465127627",
      "properties": {
        "id": "way/465127627",
        "name": "RSUD Bhakti Dharma Husada",
        "kind": "hospital",
        "address": null,
        "phone": null,
        "operator": null,
        "beds": null,
        "source": "osm",
        "osm_id": "way/465127627",
        "region_id": "kelurahan-sememi",
        "region_name": "Sememi"
      },
      "geometry": {
        "type": "Point",
        "coordinates": [
          112.636114,
          -7.2558516
        ]
      }
    },
    {
      "type": "Feature",
      "id": "way/465330021",
      "properties": {
        "id": "way/465330021",
        "name": "Rumah Sakit Bhayangkara HS Samsoeri Mertojoso",
        "kind": "hospital",
        "address": "Jalan Jend. A. Yani No.116",
        "phone": null,
        "operator": null,
        "beds": null,
        "source": "osm",
        "osm_id": "way/465330021",
        "region_id": "kelurahan-ketintang",
        "region_name": "Ketintang"
      },
      "geometry": {
        "type": "Point",
        "coordinates": [
          112.7302983,
          -7.3243054
        ]
      }
    },
    {
      "type": "Feature",
      "id": "way/466545797",
      "properties": {
        "id": "way/466545797",
        "name": "Laboratorium Klinik Pramita",
        "kind": "clinic",
        "address": null,
        "phone": null,
        "operator": null,
        "beds": null,
        "source": "osm",
        "osm_id": "way/466545797",
        "region_id": "kelurahan-pucangsewu",
        "region_name": "Pucang Sewu"
      },
      "geometry": {
        "type": "Point",
        "coordinates": [
          112.755906,
          -7.291851
        ]
      }
    },
    {
      "type": "Feature",
      "id": "way/466546454",
      "properties": {
        "id": "way/466546454",
        "name": "Klinik Mata Java",
        "kind": "clinic",
        "address": null,
        "phone": null,
        "operator": null,
        "beds": null,
        "source": "osm",
        "osm_id": "way/466546454",
        "region_id": "kelurahan-darmo",
        "region_name": "Darmo"
      },
      "geometry": {
        "type": "Point",
        "coordinates": [
          112.7394333,
          -7.2935831
        ]
      }
    },
    {
      "type": "Feature",
      "id": "way/467064618",
      "properties": {
        "id": "way/467064618",
        "name": "Faskes Tingkat 1 Kartini",
        "kind": "clinic",
        "address": null,
        "phone": null,
        "operator": null,
        "beds": null,
        "source": "osm",
        "osm_id": "way/467064618",
        "region_id": "kelurahan-menanggal",
        "region_name": "Menanggal"
      },
      "geometry": {
        "type": "Point",
        "coordinates": [
          112.7222365,
          -7.3408917
        ]
      }
    },
    {
      "type": "Feature",
      "id": "way/467117588",
      "properties": {
        "id": "way/467117588",
        "name": "Puskesmas Tenggilis",
        "kind": "clinic",
        "address": null,
        "phone": null,
        "operator": null,
        "beds": null,
        "source": "osm",
        "osm_id": "way/467117588",
        "region_id": "kelurahan-kalirungkut",
        "region_name": "Kali Rungkut"
      },
      "geometry": {
        "type": "Point",
        "coordinates": [
          112.7621088,
          -7.3223638
        ]
      }
    },
    {
      "type": "Feature",
      "id": "way/467117595",
      "properties": {
        "id": "way/467117595",
        "name": "Puskesmas Kalirungkut",
        "kind": "clinic",
        "address": null,
        "phone": null,
        "operator": null,
        "beds": null,
        "source": "osm",
        "osm_id": "way/467117595",
        "region_id": "kelurahan-kalirungkut",
        "region_name": "Kali Rungkut"
      },
      "geometry": {
        "type": "Point",
        "coordinates": [
          112.7707626,
          -7.322216
        ]
      }
    },
    {
      "type": "Feature",
      "id": "way/467846573",
      "properties": {
        "id": "way/467846573",
        "name": "Klinik Pratama Muslimat NU 1",
        "kind": "clinic",
        "address": null,
        "phone": null,
        "operator": null,
        "beds": null,
        "source": "osm",
        "osm_id": "way/467846573",
        "region_id": "kelurahan-jemurwonosari",
        "region_name": "Jemur Wonosari"
      },
      "geometry": {
        "type": "Point",
        "coordinates": [
          112.7386769,
          -7.3188406
        ]
      }
    },
    {
      "type": "Feature",
      "id": "way/467853472",
      "properties": {
        "id": "way/467853472",
        "name": "Klinik Estetika dr. Affandi Surabaya",
        "kind": "clinic",
        "address": null,
        "phone": null,
        "operator": null,
        "beds": null,
        "source": "osm",
        "osm_id": "way/467853472",
        "region_id": "kelurahan-drsutomo",
        "region_name": "Dr. Sutomo"
      },
      "geometry": {
        "type": "Point",
        "coordinates": [
          112.7325031,
          -7.2817974
        ]
      }
    },
    {
      "type": "Feature",
      "id": "way/467861431",
      "properties": {
        "id": "way/467861431",
        "name": "Waron Hospital",
        "kind": "hospital",
        "address": "Jalan Kaliwaron 106-114",
        "phone": null,
        "operator": null,
        "beds": null,
        "source": "osm",
        "osm_id": "way/467861431",
        "region_id": "kelurahan-mojo",
        "region_name": "Mojo"
      },
      "geometry": {
        "type": "Point",
        "coordinates": [
          112.7713289,
          -7.2640097
        ]
      }
    },
    {
      "type": "Feature",
      "id": "way/467879001",
      "properties": {
        "id": "way/467879001",
        "name": "Puskesmas Jemursari",
        "kind": "clinic",
        "address": null,
        "phone": null,
        "operator": null,
        "beds": null,
        "source": "osm",
        "osm_id": "way/467879001",
        "region_id": "kelurahan-jemurwonosari",
        "region_name": "Jemur Wonosari"
      },
      "geometry": {
        "type": "Point",
        "coordinates": [
          112.7399626,
          -7.3261001
        ]
      }
    },
    {
      "type": "Feature",
      "id": "way/467900938",
      "properties": {
        "id": "way/467900938",
        "name": "Klinik Dharmahusada",
        "kind": "pharmacy",
        "address": "Jalan Dharmahusada Indah",
        "phone": null,
        "operator": null,
        "beds": null,
        "source": "osm",
        "osm_id": "way/467900938",
        "region_id": "kelurahan-mojo",
        "region_name": "Mojo"
      },
      "geometry": {
        "type": "Point",
        "coordinates": [
          112.7721757,
          -7.2685512
        ]
      }
    },
    {
      "type": "Feature",
      "id": "way/468200113",
      "properties": {
        "id": "way/468200113",
        "name": "Laboratorium Kesehatan Dinas Kesehatan Surabaya",
        "kind": "clinic",
        "address": null,
        "phone": null,
        "operator": null,
        "beds": null,
        "source": "osm",
        "osm_id": "way/468200113",
        "region_id": "kelurahan-kertajaya",
        "region_name": "Kertajaya"
      },
      "geometry": {
        "type": "Point",
        "coordinates": [
          112.7602151,
          -7.2856904
        ]
      }
    },
    {
      "type": "Feature",
      "id": "way/468202523",
      "properties": {
        "id": "way/468202523",
        "name": "Klinik Kita Kertajaya",
        "kind": "clinic",
        "address": null,
        "phone": null,
        "operator": null,
        "beds": null,
        "source": "osm",
        "osm_id": "way/468202523",
        "region_id": "kelurahan-kertajaya",
        "region_name": "Kertajaya"
      },
      "geometry": {
        "type": "Point",
        "coordinates": [
          112.7572795,
          -7.2788023
        ]
      }
    },
    {
      "type": "Feature",
      "id": "way/468208002",
      "properties": {
        "id": "way/468208002",
        "name": "Dermasense Aesthetic Clinic",
        "kind": "clinic",
        "address": "Jl. Ngagel Madya No.74",
        "phone": null,
        "operator": null,
        "beds": null,
        "source": "osm",
        "osm_id": "way/468208002",
        "region_id": "kelurahan-baratajaya",
        "region_name": "Baratajaya"
      },
      "geometry": {
        "type": "Point",
        "coordinates": [
          112.7597315,
          -7.2922777
        ]
      }
    },
    {
      "type": "Feature",
      "id": "way/468612480",
      "properties": {
        "id": "way/468612480",
        "name": "Puskesmas Medokan Ayu",
        "kind": "clinic",
        "address": null,
        "phone": null,
        "operator": null,
        "beds": null,
        "source": "osm",
        "osm_id": "way/468612480",
        "region_id": "kelurahan-medokanayu",
        "region_name": "Medokan Ayu"
      },
      "geometry": {
        "type": "Point",
        "coordinates": [
          112.7949913,
          -7.3240244
        ]
      }
    },
    {
      "type": "Feature",
      "id": "way/468637726",
      "properties": {
        "id": "way/468637726",
        "name": "Rumah Sakit Islam Darus Syifa'",
        "kind": "hospital",
        "address": null,
        "phone": null,
        "operator": null,
        "beds": null,
        "source": "osm",
        "osm_id": "way/468637726",
        "region_id": "kelurahan-benowo",
        "region_name": "Benowo"
      },
      "geometry": {
        "type": "Point",
        "coordinates": [
          112.6125421,
          -7.2353495
        ]
      }
    },
    {
      "type": "Feature",
      "id": "way/468987710",
      "properties": {
        "id": "way/468987710",
        "name": "Puskesmas Pembantu Tanah Kali Kedinding",
        "kind": "clinic",
        "address": null,
        "phone": null,
        "operator": null,
        "beds": null,
        "source": "osm",
        "osm_id": "way/468987710",
        "region_id": "kelurahan-tanahkalikedinding",
        "region_name": "Tanah Kali Kedinding"
      },
      "geometry": {
        "type": "Point",
        "coordinates": [
          112.7689562,
          -7.2267672
        ]
      }
    },
    {
      "type": "Feature",
      "id": "way/469305807",
      "properties": {
        "id": "way/469305807",
        "name": "Puskesmas Siwalankerto",
        "kind": "clinic",
        "address": null,
        "phone": null,
        "operator": null,
        "beds": null,
        "source": "osm",
        "osm_id": "way/469305807",
        "region_id": "kelurahan-siwalankerto",
        "region_name": "SiwalanKerto"
      },
      "geometry": {
        "type": "Point",
        "coordinates": [
          112.7364661,
          -7.3402617
        ]
      }
    },
    {
      "type": "Feature",
      "id": "way/470106207",
      "properties": {
        "id": "way/470106207",
        "name": "Rumah Sakit Islam Jemursari Surabaya",
        "kind": "hospital",
        "address": null,
        "phone": null,
        "operator": null,
        "beds": null,
        "source": "osm",
        "osm_id": "way/470106207",
        "region_id": "kelurahan-jemurwonosari",
        "region_name": "Jemur Wonosari"
      },
      "geometry": {
        "type": "Point",
        "coordinates": [
          112.7398926,
          -7.3225208
        ]
      }
    },
    {
      "type": "Feature",
      "id": "way/470946184",
      "properties": {
        "id": "way/470946184",
        "name": "Rumah Bersalin Kartika",
        "kind": "clinic",
        "address": null,
        "phone": null,
        "operator": null,
        "beds": null,
        "source": "osm",
        "osm_id": "way/470946184",
        "region_id": "kelurahan-pucangsewu",
        "region_name": "Pucang Sewu"
      },
      "geometry": {
        "type": "Point",
        "coordinates": [
          112.7526335,
          -7.2893733
        ]
      }
    },
    {
      "type": "Feature",
      "id": "way/472077907",
      "properties": {
        "id": "way/472077907",
        "name": "Almira Medika",
        "kind": "clinic",
        "address": null,
        "phone": null,
        "operator": null,
        "beds": null,
        "source": "osm",
        "osm_id": "way/472077907",
        "region_id": null,
        "region_name": null
      },
      "geometry": {
        "type": "Point",
        "coordinates": [
          112.7621411,
          -7.3833358
        ]
      }
    },
    {
      "type": "Feature",
      "id": "way/474088345",
      "properties": {
        "id": "way/474088345",
        "name": "Ruko AKJ Aesthetic Center Pusat",
        "kind": "clinic",
        "address": "Jalan Raya Mulyosari PEE-11",
        "phone": null,
        "operator": null,
        "beds": null,
        "source": "osm",
        "osm_id": "way/474088345",
        "region_id": "kelurahan-kalisari",
        "region_name": "Kalisari"
      },
      "geometry": {
        "type": "Point",
        "coordinates": [
          112.7952277,
          -7.2605955
        ]
      }
    },
    {
      "type": "Feature",
      "id": "way/545429388",
      "properties": {
        "id": "way/545429388",
        "name": "RS MUHAMMADIYAH GRESIK Gedung 2",
        "kind": "hospital",
        "address": null,
        "phone": null,
        "operator": null,
        "beds": null,
        "source": "osm",
        "osm_id": "way/545429388",
        "region_id": null,
        "region_name": null
      },
      "geometry": {
        "type": "Point",
        "coordinates": [
          112.6548312,
          -7.1506
        ]
      }
    },
    {
      "type": "Feature",
      "id": "way/545429389",
      "properties": {
        "id": "way/545429389",
        "name": "RS Muhammadiyah Gresik Gedung 1",
        "kind": "hospital",
        "address": null,
        "phone": null,
        "operator": null,
        "beds": null,
        "source": "osm",
        "osm_id": "way/545429389",
        "region_id": null,
        "region_name": null
      },
      "geometry": {
        "type": "Point",
        "coordinates": [
          112.6551349,
          -7.1507262
        ]
      }
    },
    {
      "type": "Feature",
      "id": "way/631161426",
      "properties": {
        "id": "way/631161426",
        "name": "RS IBU DAN ANAK SOERYA",
        "kind": "hospital",
        "address": null,
        "phone": null,
        "operator": null,
        "beds": null,
        "source": "osm",
        "osm_id": "way/631161426",
        "region_id": null,
        "region_name": null
      },
      "geometry": {
        "type": "Point",
        "coordinates": [
          112.6917692,
          -7.3522035
        ]
      }
    },
    {
      "type": "Feature",
      "id": "way/631174448",
      "properties": {
        "id": "way/631174448",
        "name": "RSIA Kirana",
        "kind": "hospital",
        "address": null,
        "phone": null,
        "operator": null,
        "beds": null,
        "source": "osm",
        "osm_id": "way/631174448",
        "region_id": null,
        "region_name": null
      },
      "geometry": {
        "type": "Point",
        "coordinates": [
          112.6918737,
          -7.3490914
        ]
      }
    },
    {
      "type": "Feature",
      "id": "way/641240769",
      "properties": {
        "id": "way/641240769",
        "name": "Kimia Farma",
        "kind": "pharmacy",
        "address": "Jalan Raya Gadung",
        "phone": null,
        "operator": null,
        "beds": null,
        "source": "osm",
        "osm_id": "way/641240769",
        "region_id": null,
        "region_name": null
      },
      "geometry": {
        "type": "Point",
        "coordinates": [
          112.7083846,
          -7.3740208
        ]
      }
    },
    {
      "type": "Feature",
      "id": "way/641617493",
      "properties": {
        "id": "way/641617493",
        "name": "RSU Prima Husada Waru",
        "kind": "hospital",
        "address": null,
        "phone": null,
        "operator": null,
        "beds": null,
        "source": "osm",
        "osm_id": "way/641617493",
        "region_id": null,
        "region_name": null
      },
      "geometry": {
        "type": "Point",
        "coordinates": [
          112.7661984,
          -7.3528708
        ]
      }
    },
    {
      "type": "Feature",
      "id": "way/641936693",
      "properties": {
        "id": "way/641936693",
        "name": "RS Bunda Sidoarjo",
        "kind": "hospital",
        "address": null,
        "phone": null,
        "operator": null,
        "beds": null,
        "source": "osm",
        "osm_id": "way/641936693",
        "region_id": null,
        "region_name": null
      },
      "geometry": {
        "type": "Point",
        "coordinates": [
          112.7707124,
          -7.3516204
        ]
      }
    },
    {
      "type": "Feature",
      "id": "way/669873116",
      "properties": {
        "id": "way/669873116",
        "name": "Rumah Sakit PHC Surabaya",
        "kind": "hospital",
        "address": null,
        "phone": null,
        "operator": null,
        "beds": null,
        "source": "osm",
        "osm_id": "way/669873116",
        "region_id": "kelurahan-perakutara",
        "region_name": "Perak Utara"
      },
      "geometry": {
        "type": "Point",
        "coordinates": [
          112.7354571,
          -7.2096035
        ]
      }
    },
    {
      "type": "Feature",
      "id": "way/705047709",
      "properties": {
        "id": "way/705047709",
        "name": "Rumah Sakit Petrokimia Gresik",
        "kind": "hospital",
        "address": null,
        "phone": null,
        "operator": "Petrokimia Gresik",
        "beds": null,
        "source": "osm",
        "osm_id": "way/705047709",
        "region_id": null,
        "region_name": null
      },
      "geometry": {
        "type": "Point",
        "coordinates": [
          112.6430747,
          -7.1597643
        ]
      }
    },
    {
      "type": "Feature",
      "id": "way/705062945",
      "properties": {
        "id": "way/705062945",
        "name": "Rumah Sakit Grha Husada",
        "kind": "hospital",
        "address": null,
        "phone": null,
        "operator": "Petrokimia Gresik",
        "beds": null,
        "source": "osm",
        "osm_id": "way/705062945",
        "region_id": null,
        "region_name": null
      },
      "geometry": {
        "type": "Point",
        "coordinates": [
          112.6462609,
          -7.1539746
        ]
      }
    },
    {
      "type": "Feature",
      "id": "way/772683992",
      "properties": {
        "id": "way/772683992",
        "name": "Rumah Sakit Bersalin",
        "kind": "hospital",
        "address": null,
        "phone": null,
        "operator": null,
        "beds": null,
        "source": "osm",
        "osm_id": "way/772683992",
        "region_id": null,
        "region_name": null
      },
      "geometry": {
        "type": "Point",
        "coordinates": [
          112.7790897,
          -7.345429
        ]
      }
    },
    {
      "type": "Feature",
      "id": "way/783791663",
      "properties": {
        "id": "way/783791663",
        "name": "RSUD Ibnu Sina",
        "kind": "hospital",
        "address": null,
        "phone": null,
        "operator": null,
        "beds": null,
        "source": "osm",
        "osm_id": "way/783791663",
        "region_id": null,
        "region_name": null
      },
      "geometry": {
        "type": "Point",
        "coordinates": [
          112.6011941,
          -7.1685799
        ]
      }
    },
    {
      "type": "Feature",
      "id": "way/783814303",
      "properties": {
        "id": "way/783814303",
        "name": "Rumah Sakit Mitra Keluarga Waru",
        "kind": "hospital",
        "address": "Jalan Jenderal S. Parman 8",
        "phone": null,
        "operator": null,
        "beds": null,
        "source": "osm",
        "osm_id": "way/783814303",
        "region_id": null,
        "region_name": null
      },
      "geometry": {
        "type": "Point",
        "coordinates": [
          112.7286684,
          -7.3627542
        ]
      }
    },
    {
      "type": "Feature",
      "id": "way/784664351",
      "properties": {
        "id": "way/784664351",
        "name": "Rumah Sakit Mitra Keluarga Kenjeran",
        "kind": "hospital",
        "address": null,
        "phone": null,
        "operator": null,
        "beds": null,
        "source": "osm",
        "osm_id": "way/784664351",
        "region_id": "kelurahan-kalijudan",
        "region_name": "Kalijudan"
      },
      "geometry": {
        "type": "Point",
        "coordinates": [
          112.7850088,
          -7.251387
        ]
      }
    },
    {
      "type": "Feature",
      "id": "way/784701011",
      "properties": {
        "id": "way/784701011",
        "name": "Rumah Sakit Siti Khodijah Sepanjang",
        "kind": "hospital",
        "address": null,
        "phone": null,
        "operator": null,
        "beds": null,
        "source": "osm",
        "osm_id": "way/784701011",
        "region_id": null,
        "region_name": null
      },
      "geometry": {
        "type": "Point",
        "coordinates": [
          112.6988798,
          -7.3449039
        ]
      }
    },
    {
      "type": "Feature",
      "id": "way/887380885",
      "properties": {
        "id": "way/887380885",
        "name": "Rumah Sakit Semen Gresik",
        "kind": "hospital",
        "address": null,
        "phone": null,
        "operator": null,
        "beds": null,
        "source": "osm",
        "osm_id": "way/887380885",
        "region_id": null,
        "region_name": null
      },
      "geometry": {
        "type": "Point",
        "coordinates": [
          112.6422866,
          -7.1660066
        ]
      }
    },
    {
      "type": "Feature",
      "id": "way/921951024",
      "properties": {
        "id": "way/921951024",
        "name": "RS Premier Surabaya",
        "kind": "hospital",
        "address": null,
        "phone": null,
        "operator": null,
        "beds": null,
        "source": "osm",
        "osm_id": "way/921951024",
        "region_id": "kelurahan-ngidenjangkungan",
        "region_name": "Ngiden Jangkungan"
      },
      "geometry": {
        "type": "Point",
        "coordinates": [
          112.7654146,
          -7.3048568
        ]
      }
    },
    {
      "type": "Feature",
      "id": "way/985433940",
      "properties": {
        "id": "way/985433940",
        "name": "Mayapada Hospital",
        "kind": "hospital",
        "address": "Jalan Mayor Jenderal Sungkono",
        "phone": null,
        "operator": "Mayapada Group",
        "beds": null,
        "source": "osm",
        "osm_id": "way/985433940",
        "region_id": "kelurahan-pakis",
        "region_name": "Pakis"
      },
      "geometry": {
        "type": "Point",
        "coordinates": [
          112.7276698,
          -7.2919642
        ]
      }
    },
    {
      "type": "Feature",
      "id": "way/1017414584",
      "properties": {
        "id": "way/1017414584",
        "name": "RS MATA FATMA",
        "kind": "hospital",
        "address": null,
        "phone": null,
        "operator": null,
        "beds": null,
        "source": "osm",
        "osm_id": "way/1017414584",
        "region_id": null,
        "region_name": null
      },
      "geometry": {
        "type": "Point",
        "coordinates": [
          112.6912846,
          -7.3529698
        ]
      }
    },
    {
      "type": "Feature",
      "id": "way/1017414592",
      "properties": {
        "id": "way/1017414592",
        "name": "KLINIK DR JAMILAH",
        "kind": "hospital",
        "address": null,
        "phone": null,
        "operator": null,
        "beds": null,
        "source": "osm",
        "osm_id": "way/1017414592",
        "region_id": null,
        "region_name": null
      },
      "geometry": {
        "type": "Point",
        "coordinates": [
          112.6912474,
          -7.3527549
        ]
      }
    },
    {
      "type": "Feature",
      "id": "way/1090665446",
      "properties": {
        "id": "way/1090665446",
        "name": "Apotek K24",
        "kind": "pharmacy",
        "address": null,
        "phone": null,
        "operator": null,
        "beds": null,
        "source": "osm",
        "osm_id": "way/1090665446",
        "region_id": "kelurahan-karah",
        "region_name": "Karah"
      },
      "geometry": {
        "type": "Point",
        "coordinates": [
          112.7187705,
          -7.3119451
        ]
      }
    },
    {
      "type": "Feature",
      "id": "way/1164961685",
      "properties": {
        "id": "way/1164961685",
        "name": "Apotek K24",
        "kind": "pharmacy",
        "address": "Jalan Raya Gadung",
        "phone": null,
        "operator": null,
        "beds": null,
        "source": "osm",
        "osm_id": "way/1164961685",
        "region_id": null,
        "region_name": null
      },
      "geometry": {
        "type": "Point",
        "coordinates": [
          112.7072075,
          -7.3771048
        ]
      }
    },
    {
      "type": "Feature",
      "id": "way/1189920586",
      "properties": {
        "id": "way/1189920586",
        "name": "Rumah Sakit Universitas Surabaya",
        "kind": "hospital",
        "address": null,
        "phone": null,
        "operator": null,
        "beds": null,
        "source": "osm",
        "osm_id": "way/1189920586",
        "region_id": "kelurahan-panjangjiwo",
        "region_name": "Panjang Jiwo"
      },
      "geometry": {
        "type": "Point",
        "coordinates": [
          112.7662153,
          -7.314081
        ]
      }
    }
  ]
}
